154.776,1.168,2.718,11.119,4.834,4.618197688,0
154.098,0.365,2.758,11.867,5.49,4.176830783,0
157.543,2.088,2.723,16.816,4.88,4.603125289,0
156.148,2.15,2.748,14.25,5.112,3.366097067,0
154.375,1.672,2.692,11.005,4.801,4.641920659,0
164.037,3.471,2.732,15.757,4.76,3.710061318,0
158.232,1.204,2.699,11.224,5.042,4.501637092,0
157.061,0.726,2.694,11.505,5.117,4.192953603,0
156.748,2.54,2.697,21.118,4.824,4.044864302,0
163.549,2.318,2.752,12.717,5.018,3.776477806,0
158.393,0.869,2.712,14.027,5.024,4.737087739,0
155.325,0.811,2.707,20.419,4.836,3.392174079,0
162.278,4.224,2.707,18.395,4.882,4.393080405,0
164.182,-1.695,2.734,16.412,4.752,4.627382859,0
156.256,1.201,2.731,11.417,4.932,4.16217504,0
159.533,0.049,2.695,11.33,5.139,4.331420696,0
161.512,1.274,2.707,11.453,4.764,4.269374018,0
154.852,0.827,2.732,12.116,5.024,3.559872048,0
155.665,1.618,2.714,13.861,4.921,4.686275119,0
154.224,1.635,2.746,16.896,5.515,4.181046841,0
155.964,1.256,2.702,10.838,4.785,4.123640451,0
166.907,7.394,2.691,17.733,4.668,2.384319358,0
157.534,1.887,2.722,20.294,4.793,4.488691952,0
156.457,0.311,2.72,13.239,4.922,4.495616663,0
157.848,2.225,2.719,13.851,4.826,3.907399482,0
157.714,-0.074,2.703,11.911,4.823,4.621984999,0
171.184,-0.963,2.715,19.568,4.92,4.024435257,0
156.648,2.447,2.707,10.536,4.74,4.233826444,0
158.459,5.144,2.718,22.603,4.956,4.867929727,0
154.675,0.11,2.712,9.923,4.929,3.459450239,0
156.33,0.85,2.712,9.57,5.009,4.627640881,0
158.172,3.372,2.707,22.959,4.88,3.773684147,0
154.233,1.821,2.719,16.634,5.063,3.336777033,0
156.522,0.853,2.712,8.95,4.802,4.601554026,0
157.972,0.653,2.721,11.936,4.921,4.206433377,0
158.089,3.22,2.724,17.862,5.025,3.058058769,0
156.159,1.005,2.71,11.969,5.159,4.602869337,0
155.297,2.391,2.725,11.877,5.069,3.562454059,0
157.577,0.406,2.687,16.792,4.972,4.524316799,0
157.872,0.797,2.704,11.695,5.005,4.616310965,0
159.238,0.28,2.708,8.387,5.12,4.294554663,0
159.791,2.597,2.753,19.519,4.856,3.687516922,0
156.908,2.418,2.699,16.428,4.79,3.91577476,0
161.279,0.228,2.71,12.837,4.87,4.605284376,0
157.121,1.56,2.728,12.07,4.785,4.089947515,0
155.655,1.396,2.714,14.569,5.024,4.053748776,0
155.739,1.551,2.732,14.924,4.958,3.29510045,0
172.362,0.773,2.706,17.069,5.243,3.805219461,0
156.958,0.299,2.662,14.237,4.671,4.613708396,0
156.865,2.735,2.715,10.336,4.757,4.20816731,0
159.923,0.882,2.674,18.71,4.906,3.942838077,0
158.9,1.906,2.693,21.729,5.385,3.188362549,0
151.503,1.714,2.708,10.403,5.012,3.098932928,0
155.172,1.343,2.74,11.422,5.071,4.479729553,0
158.309,0.791,2.699,11.165,4.868,4.42693307,0
160.921,1.783,2.71,11.532,4.836,3.656098585,0
155.361,1.749,2.719,10.642,4.816,2.853552814,0
155.877,0.628,2.724,10.562,5.119,3.818571212,0
157.22,2.061,2.718,11.474,5.168,3.469159912,0
157.937,1.122,2.699,12.079,5.088,3.374799102,0
156.916,1.998,2.684,24.631,4.641,3.755555951,0
157.263,1.491,2.691,13.653,5.024,3.363852185,0
163.884,0.946,2.701,14.711,4.702,3.259742679,0
156.587,1.821,2.781,13.295,5.068,3.778557921,0
157.312,0.652,2.727,15.349,4.793,4.625670329,0
157.787,1.55,2.722,21.136,4.942,4.299217927,0
154.995,1.593,2.705,10.448,5.082,3.001683965,0
159.272,2.001,2.717,16.109,4.765,3.049676504,0
157.019,0.542,2.692,10.374,5.244,4.436325278,0
168.593,6.02,2.693,11.171,4.796,3.010441164,0
156.195,1.649,2.718,23.143,5.056,4.614676292,0
157.027,-0.058,2.679,11.109,4.657,4.459448626,0
163.397,0.365,2.697,10.372,4.951,3.634055366,0
154.972,2.409,2.723,10.565,4.86,3.213191449,0
157.266,2.818,2.66,11.435,5.118,4.581485697,0
153.925,0.434,2.721,16.775,4.718,4.609769351,0
157.709,0.857,2.705,11.973,5.049,4.581371442,0
156.56,1.493,2.741,16.183,4.782,4.471759074,0
157.215,1.172,2.689,11.178,4.893,4.438048016,0
155.222,1.682,2.735,7.22,4.755,4.108249708,0
152.293,0.274,2.709,10.478,4.712,4.602059991,0
155.331,0.683,2.697,14.683,4.754,4.223749331,0
155.187,1.554,2.7,12.48,4.729,4.475607245,0
162.097,-1.161,2.706,16.835,4.721,4.595204243,0
156.699,1.085,2.697,9.952,5.139,4.565550379,0
161.486,0.117,2.728,13.891,4.836,4.620407285,0
157.126,1.479,2.704,15.247,5.257,4.708397358,0
154.614,0.848,2.688,11.712,4.793,4.165682704,0
159.671,2.401,2.675,24.39,5.181,3.28614175,0
156.872,1.18,2.701,13.46,4.726,3.454089903,0
157.703,1.085,2.719,17.055,4.858,4.617598448,0
155.937,1.085,2.684,13.459,5.258,4.425971995,0
157.163,1.739,2.782,12.927,4.991,3.867701131,0
158.521,3.387,2.676,22.023,5.262,3.666629067,0
163.865,2.024,2.732,21.803,5.124,3.736214937,0
161.761,-0.096,2.693,11.051,4.661,4.209974534,0
162.755,2.646,2.673,21.643,4.773,3.621834601,0
164.56,10.177,2.731,22.267,4.764,2.446325871,0
156.453,1.158,2.701,16.082,4.848,4.372057719,0
175.873,5.232,2.729,24.9,4.937,3.965438122,0
156.653,1.59,2.685,14.137,4.945,3.705548221,0
161.45,1.802,2.691,10.738,4.785,4.622909943,0
154.574,1.068,2.72,10.782,5.112,4.626358735,0
158.439,1.242,2.685,13.635,4.701,3.780731171,0
160.438,2.514,2.723,12.266,4.85,3.799811607,0
159.613,1.644,2.708,19.559,4.851,3.793824596,0
160.457,2.771,2.683,14.91,4.784,3.188668391,0
154.411,0.881,2.69,11.148,5.228,3.647206673,0
161.011,1.16,2.718,9.317,5.198,3.297906856,0
162.932,3.289,2.727,14.598,4.998,4.108970244,0
157.613,0.85,2.702,12.304,4.915,4.473574492,0
153.489,2.159,2.715,10.312,4.883,4.590855238,0
157.217,1.879,2.665,18.109,5.086,4.108149201,0
161.031,1.873,2.712,13.747,4.741,4.623437682,0
155.755,0.602,2.714,11.312,5.019,3.57003924,0
157.607,1.786,2.711,15.343,5.005,4.67650557,0
159.197,0.712,2.722,14.352,4.776,4.609327732,0
162.284,3.906,2.726,13.23,4.944,2.666062856,0
172.312,0.224,2.768,12.38,4.927,3.544591984,0
157.987,-0.579,2.734,11.828,5.123,3.787162955,0
153.741,1.704,2.722,13.286,4.957,4.58679936,0
161.478,3.217,2.736,16.418,4.844,4.010657509,0
158.785,1.79,2.699,12.301,5.512,3.014900066,0
156.916,1.998,2.684,24.631,4.641,3.755555951,0
152.361,1.329,2.712,9.577,5.036,3.288691346,0
156.857,0.336,2.729,10.295,4.87,4.338473347,0
155.631,1.691,2.728,21.316,5.04,4.467770725,0
159.238,0.28,2.708,8.387,5.12,4.294554663,0
157.43,1.82,2.709,22.124,4.975,4.616998705,0
156.479,0.891,2.719,8.788,4.79,4.627454233,0
155.172,1.343,2.74,11.422,5.071,4.479729553,0
155.239,0.825,2.712,9.727,5.131,4.337634721,0
155.046,0.61,2.691,17.504,4.822,4.163516212,0
154.249,0.538,2.718,12.737,4.922,3.618476424,0
157.178,0.536,2.707,14.601,4.792,4.588217773,0
159.724,0.745,2.719,15.252,5.027,4.496483174,0
156.909,0.895,2.705,12.825,5.183,3.773882725,0
171.098,-1.144,2.742,15.625,4.789,4.052670015,0
165.978,0.66,2.709,18.51,4.865,4.572877722,0
155.665,1.841,2.717,13.297,4.843,4.447977067,0
162.154,-0.386,2.712,18.946,4.695,4.424371825,0
157.841,0.21,2.718,15.376,4.745,3.993292206,0
165.533,1.452,2.727,11.085,5.065,3.617212611,0
154.208,1.983,2.694,10.376,4.677,4.502097737,0
156.777,5.439,2.667,19.98,5.221,3.833118732,0
157.504,0.298,2.666,14.69,4.63,4.615564294,0
158.854,1.083,2.717,19.719,4.775,3.150726974,0
152.106,1.328,2.746,13.769,5.229,3.432279321,0
157.423,0.531,2.718,17.269,4.855,4.559804129,0
156.863,0.421,2.702,17.798,4.882,4.543159394,0
159.107,0.513,2.706,16.565,5.153,3.755968105,0
163.874,3.427,2.726,15.755,4.868,3.144439073,0
161.761,-0.096,2.693,11.051,4.661,4.209974534,0
159.772,0.543,2.705,10.22,5.13,3.924565568,0
155.703,0.808,2.698,12.981,4.925,4.415346147,0
160.208,1.548,2.666,15.808,4.71,3.172794936,0
159.325,0.951,2.697,9.197,5.157,4.612848858,0
161.658,1.961,2.708,11.986,4.709,4.616372889,0
157.057,1.642,2.687,17.77,4.699,3.944634007,0
156.479,0.891,2.719,8.788,4.79,4.627454233,0
159.523,2.056,2.728,20.193,4.83,4.104094327,0
155.102,1.224,2.7,11.584,5.074,4.625755915,0
155.894,0.032,2.706,11.411,5.176,3.81583599,0
156.604,-0.245,2.757,16.644,4.842,3.173802587,0
158.716,2.539,2.723,16.045,4.834,3.709987989,0
164.261,4.664,2.724,23.666,4.912,3.145057111,0
156.503,3.464,2.699,22.097,5.208,3.572297932,0
158.579,0.54,2.715,14.585,4.886,4.58393304,0
154.612,0.025,2.729,13.276,5.112,3.941161421,0
160.253,2.611,2.743,10.772,5.032,3.886569229,0
155.573,0.674,2.713,13.074,5.121,4.492615134,0
162.283,4.144,2.719,22.12,5.009,3.427144024,0
158.648,5.463,2.718,17.411,5.405,4.867927661,0
161.78,0.716,2.72,15.876,5.196,4.303501274,0
155.025,4.234,2.683,13.972,4.7,4.166373773,0
154.473,2.081,2.688,11.271,4.848,4.603269499,0
154.783,1.743,2.721,17.801,5.078,3.257178969,0
158.284,0.719,2.687,13.563,4.852,4.563054532,0
156.783,1.771,2.695,14.59,5.159,4.281564905,0
156.134,0.728,2.713,11.606,5.118,4.113103149,0
162.378,1.589,2.733,12.279,4.835,3.804491021,0
159.859,3.153,2.727,14.339,4.984,4.22706887,0
156.237,1.303,2.731,11.711,5.156,4.076638878,0
157.198,2.183,2.698,22.199,6.116,3.281078386,0
160.463,2.615,2.702,13.011,5.115,2.783250218,0
159.187,1.774,2.718,10.368,5.112,4.615281344,0
154.579,0.627,2.679,13.644,5.076,4.16460616,0
153.046,2.112,2.78,17.169,5.436,4.069597361,0
155.409,1.268,2.676,11.009,5.364,4.017450312,0
157.635,3.611,2.713,22.497,4.961,3.656943438,0
158.162,1.037,2.7,15.219,5.046,4.622602175,0
155.83,1.484,2.775,13.415,4.079,4.616710862,1
159.359,-0.196,2.766,10.935,4.286,3.756071539,1
156.681,2.183,2.734,20.84,4.514,4.356342432,1
155.995,2.551,2.805,9.579,4.018,3.362950446,1
178.766,9.563,2.681,22.354,3.322,2.116876605,1
161.061,6.237,2.739,20.972,3.726,3.353617563,1
154.565,3.228,2.776,16.036,4.501,4.047776567,1
186.618,14.208,2.628,10.994,3.743,1.187069271,1
164.885,9.838,2.794,24.253,4.541,2.385216485,1
176.423,9.335,2.7,23.976,4.094,2.063761062,1
158.913,4.017,2.726,23.09,3.814,3.211650933,1
162.697,2.174,2.713,14.931,4.623,3.698156417,1
159.45,6.162,2.745,15.422,3.932,2.99868906,1
158.397,2.055,2.756,13.308,4.259,4.483208447,1
162.256,6.667,2.683,15.29,4.001,2.17534943,1
156.838,0.369,2.739,14.15,4.191,4.547222259,1
159.158,3.408,2.762,15.764,4.214,3.483592717,1
167.518,1.114,2.803,19.501,4.196,3.739995595,1
157.371,-0.396,2.701,13.294,4.136,4.044056947,1
170.462,12.402,2.712,20.054,3.332,2.480580351,1
154.991,1.743,2.756,12.768,4.207,4.445289545,1
156.075,0.504,2.745,11.682,4.627,3.961233381,1
158.733,3.152,2.78,16.955,4.041,2.323198455,1
153.76,1.468,2.788,11.494,4.734,4.62474815,1
162.058,7.824,2.747,10.974,4.085,2.170223566,1
153.156,1.504,2.753,10.446,4.705,4.202606574,1
163.144,3.424,2.745,23.711,4.31,3.097867878,1
164.4,3.809,2.728,17.344,3.994,3.759680458,1
169.949,9.537,2.738,18.415,4.255,2.418269796,1
155.379,1.466,2.701,12.924,4.465,4.153809287,1
153.769,2.013,2.687,13.092,4.295,3.324029215,1
155.526,0.672,2.714,8.345,4.573,3.065428451,1
160.279,8.852,2.772,19.758,3.86,2.976384831,1
162.073,2.358,2.743,12.561,3.767,3.536323052,1
158.244,6.102,2.713,13.095,3.633,2.363713491,1
161.153,3.131,2.748,13.819,4.724,4.343788696,1
159.867,0.462,2.731,9.131,4.571,4.602437718,1
161.043,4.357,2.765,22.996,3.943,2.717915037,1
158.952,2.832,2.737,21.026,4.171,4.160438247,1
154.436,1.809,2.731,16.625,4.572,3.801835389,1
160.151,12.579,2.751,18.761,3.607,2.38032342,1
156.322,1.534,2.726,18.423,4.612,4.616536521,1
161.415,2.745,2.762,14.013,4.678,4.254286963,1
159.549,4.443,2.776,18.382,3.814,2.35546493,1
156.844,0.723,2.739,17.412,4.695,3.902435718,1
160.878,8.956,2.726,8.603,3.54,2.63118088,1
154.603,5.479,2.759,16.432,3.749,3.765623857,1
155.74,2.986,2.746,15.546,3.704,3.989144414,1
156.394,1.128,2.731,9.215,4.508,4.613613953,1
158.024,0.535,2.719,19.073,4.488,3.854732959,1
162.568,3.212,2.751,14.322,4.741,4.274856178,1
156.871,1.012,2.78,9.195,4.673,4.315042356,1
162.52,11.08,2.822,18.92,4.104,2.278325953,1
170.857,10.018,2.695,22.563,3.519,2.518853347,1
150.699,0.932,2.754,14.983,4.8,3.94928591,1
152.977,1.307,2.772,14.397,3.872,4.314686589,1
157.743,0.916,2.734,17.535,4.598,4.617553672,1
151.975,0.259,2.715,11.605,4.63,4.602059991,1
168.715,2.245,2.733,18.118,3.935,2.836749971,1
162.6,12.097,2.738,16.968,3.778,1.720936202,1
158.409,2.7,2.748,15.754,3.992,2.956609227,1
164.368,7.374,2.713,15.349,3.936,2.236368448,1
153.978,4.886,2.76,18.672,4.054,3.494810551,1
164.05,2.88,2.706,16.027,4.587,3.245963754,1
153.552,8.634,2.724,18.009,3.554,2.982339539,1
152.996,9.033,2.751,20.395,3.855,2.5301177,1
164.037,4.783,2.75,17.394,3.74,2.897984275,1
154.596,1.127,2.747,19.009,4.511,3.608541116,1
150.049,0.744,2.765,16.131,4.584,4.370912412,1
160.349,4.57,2.74,10.548,4.076,3.225714692,1
164.545,1.711,2.698,11.625,4.549,3.46715019,1
153.989,1.393,2.779,18.515,4.452,4.620287323,1
154.096,0.536,2.718,15.262,4.671,4.202235132,1
155.099,7.213,2.759,23.427,3.847,2.391206897,1
159.202,2.552,2.668,8.799,4.072,4.470561424,1
154.363,2.589,2.724,14.325,3.814,3.81407311,1
153.709,3.002,2.763,15.113,3.945,3.114525251,1
151.693,2.871,2.762,18.64,4.395,3.674900437,1
153.775,2.125,2.764,12.566,4.269,2.771265499,1
155.38,1.606,2.745,10.551,4.517,4.1293379,1
163.326,1.206,2.698,21.499,4.49,3.673884948,1
154.956,7.269,2.76,18.733,4.62,3.070953908,1
165.438,5.693,2.737,22.651,4.547,4.43508823,1
153.963,1.179,2.765,9.167,4.494,4.618076184,1
159.919,6.518,2.759,23.367,3.712,2.466688233,1
157.096,0.867,2.722,10.828,4.606,4.266593356,1
158.559,1.866,2.701,14.08,4.585,4.448086846,1
159.521,3.602,2.729,13.877,4.728,2.714186369,1
158.426,2.951,2.744,13.599,4.731,4.382160336,1
155.713,2.249,2.749,15.956,3.974,3.407111881,1
150.422,2.562,2.767,10.816,3.891,3.151970459,1
163.553,10.351,2.725,8.23,3.508,2.284548034,1
156.417,3.584,2.779,14.04,4.321,3.262531534,1
156.71,0.599,2.73,10.034,4.324,4.528237231,1
152.169,3.305,2.787,10.756,4.047,3.333946376,1
157.209,8.036,2.711,22.433,3.212,2.469910338,1
169.946,7.455,2.736,19.239,3.563,2.14664268,1
164.739,1.318,2.739,23.538,4.61,4.077943554,1
179.662,13.02,2.7,11.687,3.38,1.952526072,1
163.663,0.723,2.727,14.543,4.397,3.531514042,1
186.106,10.904,2.722,17.836,3.525,2.625562459,1
161.087,11.237,2.75,16.886,4.191,2.342801536,1
154.056,3.317,2.748,10.711,3.811,3.96054336,1
152.273,1.345,2.777,14.966,4.456,4.059199814,1
156.4,2.357,2.766,20.966,4.373,4.258076911,1
152.424,7.574,2.759,18.505,3.933,2.948727324,1
169.783,10.078,2.669,15.396,3.781,1.664717172,1
158.558,1.071,2.685,10.876,4.527,3.160650074,1
177.741,12.702,2.691,23.429,3.715,1.928656965,1
154.775,1.283,2.755,12.492,4.164,4.553947559,1
155.344,0.707,2.733,10.129,4.737,4.27639808,1
154.16,0.33,2.773,14.157,4.68,4.359029982,1
163.746,4.572,2.763,22.683,4.032,2.75376302,1
154.803,2.88,2.797,14.639,4.128,3.436840127,1
159.205,2.176,2.761,7.866,3.983,2.656638577,1
162.092,5.212,2.756,24.428,4.084,2.509597645,1
156.236,3.472,2.766,11.922,3.93,3.57102285,1
152.456,6.912,2.767,24.419,3.786,2.764475774,1
158.406,0.37,2.762,14.627,4.101,3.782409124,1
167.863,11.006,2.706,24.502,3.582,2.360224087,1
152.792,1.644,2.749,10.533,4.63,3.390869075,1
156.895,1.106,2.781,10.18,4.681,4.278479452,1
154.969,3.933,2.75,18.371,4.365,3.979757869,1
162.597,2.855,2.723,19.136,4.19,3.682052881,1
149.3,2.995,2.776,12.086,3.984,4.383128944,1
156.155,1.83,2.764,17.209,4.392,4.62928645,1
168.128,4.478,2.707,11.735,3.993,1.83775253,1
155.772,1.872,2.78,13.112,4.398,3.883646788,1
153.297,1.604,2.803,12.736,4.202,3.516307128,1
160.836,3.128,2.747,19.068,4.778,3.087226842,1
155.351,0.671,2.724,11.804,4.581,4.619454084,1
159.718,2.408,2.763,19.501,4.664,3.915449805,1
153.127,3.655,2.704,21.365,4.582,3.799485221,1
157.809,1.826,2.766,14.013,3.907,4.627191336,1
156.713,3.39,2.765,11.437,3.935,3.588516524,1
159.659,0.394,2.747,14.997,4.705,4.619016372,1
156.804,2.017,2.737,11.869,4.557,3.65328296,1
156.505,0.624,2.72,11.943,4.189,4.623628605,1
156.121,2.806,2.797,10.234,4.207,3.037748314,1
158.706,0.749,2.687,14.656,4.493,3.474723568,1
173.565,5.62,2.666,11.59,3.455,1.848712419,1
155.307,3.902,2.765,17.667,4.101,3.276646742,1
156.765,3.527,2.774,20.92,4.082,3.598514308,1
167.849,8.461,2.734,23.803,3.494,2.729218263,1
158.023,1.467,2.722,14.554,3.348,3.172695734,1
155.535,2.424,2.733,21.757,4.173,3.51453819,1
156.607,3.128,2.766,11.488,4.128,3.568997397,1
155.36,1.259,2.722,10.319,4.689,4.613570964,1
155.384,4.335,2.757,14.101,4.404,3.533316178,1
161.1,2.505,2.753,24.105,3.983,3.853562063,1
167.102,11.817,2.816,20.459,4.242,2.277783356,1
162.92,6.477,2.706,17.112,4.37,2.8291725,1
162.23,11.096,2.737,19.689,3.578,2.040594429,1
162.649,3.325,2.729,20.178,4.478,4.409432974,1
156.141,3.025,2.769,24.612,3.917,3.301451057,1
156.75,6.678,2.745,13.677,3.634,2.422535673,1
158.762,2.431,2.777,12.123,4.088,3.43826238,1
154.826,4.173,2.754,12.717,4.086,4.067589169,1
154.597,0.64,2.748,9.979,4.516,4.588992553,1
154.601,1.499,2.751,13.404,4.07,2.935207892,1
156.455,7.088,2.777,23.653,3.921,3.001097811,1
157.701,0.828,2.737,9.691,4.383,4.638492841,1
165.751,2.934,2.729,21.46,4.39,3.450583017,1
163.263,3.386,2.755,17.165,4.59,2.874602986,1
154.288,1.557,2.716,11.116,4.644,4.614737098,1
152.182,2.317,2.766,17.989,4.143,4.221216269,1
166.746,12.293,2.74,8.496,3.837,1.943539031,1
152.955,6.643,2.768,12.527,3.879,3.012202607,1
156.473,0.366,2.694,13.048,4.233,4.6192119,1
161.37,7.833,2.727,8.488,3.368,2.79521382,1
172.177,9.338,2.865,22.361,4.193,2.093943226,1
156.408,1.732,2.71,18.396,4.524,4.615720825,1
158.426,3.238,2.785,7.179,4.776,3.858738839,1
157.994,3.146,2.77,11.2,4.01,3.145261064,1
156.951,1.768,2.75,16.127,4.547,3.3030383,1
157.954,2.162,2.68,10.467,3.984,4.539023679,1
159.738,1.482,2.745,9.374,3.977,3.840836187,1
163.56,3.493,2.75,20.611,4.487,3.040618557,1
154.049,2.504,2.741,13.878,3.949,3.488915202,1
157.283,0.815,2.744,23.274,3.6,3.310914969,1
161.933,2.187,2.741,17.171,4.572,4.052185763,1
171.228,11.442,2.669,17.919,3.398,2.533535661,1
153.234,1.121,2.778,17.898,4.045,3.035566209,1
158.768,2.062,2.732,15.442,4.117,3.392715942,1
158.852,0.533,2.725,14.772,4.601,4.865075416,1
158.201,12.905,2.808,13.914,4.292,2.264716318,1
162.752,4.433,2.711,11.519,3.409,2.006624328,1
152,1.269,2.726,18.203,4.166,4.334676511,1
165.231,6.798,2.741,20.256,3.522,2.254153964,1
167.612,3.789,2.727,20.881,4.137,3.115140687,1
163.666,9.124,2.698,55.593,3.551,3.306277664,2
166.46,7.555,2.728,25.384,5.169,2.225084321,2
169.574,9.552,2.775,56.907,4.289,2.635931884,2
156.924,6.75,2.77,26.477,3.8,2.435125785,2
163.814,3.505,2.669,37.751,4.978,3.876205366,2
155.351,4.921,2.749,34.404,3.879,3.053775062,2
168.598,5.134,2.69,49.159,4.993,2.680562122,2
164.356,4.332,2.751,52.918,5.238,3.115221303,2
157.712,6.196,2.786,32.647,4.127,2.814192306,2
151.009,5.931,2.774,31.397,3.962,3.843420163,2
167.644,9.073,2.726,30.208,4.517,2.85499308,2
166.103,7.726,2.768,32.49,3.893,2.448710956,2
157.956,6.838,2.771,68.616,3.894,2.808477682,2
167.801,8.141,2.758,68.929,4.349,2.418541579,2
166.657,8.91,2.686,50.971,3.573,3.279341786,2
161.61,1.735,2.738,27.99,4.997,3.523696923,2
302.141,34.292,2.661,218.038,3.529,1.372267444,2
187.535,5.1,2.663,48.292,4.711,2.043079207,2
165.567,8.927,2.764,50.766,3.942,2.750072339,2
171.361,11.664,2.736,70.11,3.85,2.7010868,2
156.686,7.392,2.774,26.541,3.898,2.881477099,2
169.335,6.913,2.721,54.876,4.145,2.489556325,2
173.851,5.553,2.73,51.648,3.502,2.795394031,2
159.811,6.075,2.699,39.28,4.184,4.186472553,2
169.845,10.652,2.735,91.25,3.863,3.926195153,2
154.251,6.95,2.772,25.703,4.183,2.437454064,2
174.837,4.58,2.734,27.586,4.594,4.046150831,2
171.438,5.936,2.703,52.858,4.21,2.613847105,2
176.341,6.118,2.728,68.543,4.346,2.559031172,2
193.722,6.536,2.689,56.618,3.841,2.743012472,2
177.333,6.62,2.772,79.954,4.523,2.174737046,2
162.916,2.775,2.745,29.808,3.625,2.473069263,2
156.586,14.72,2.745,25.664,3.549,2.385273723,2
161.68,10.584,2.798,45.115,4.381,2.517285652,2
160.01,5.146,2.757,63.547,4.373,3.393080264,2
180.065,10.035,2.778,81.071,4,2.026496493,2
165.622,7.214,2.759,55.454,3.794,2.456880504,2
164.553,7.026,2.798,35.972,4.313,2.796433477,2
162.896,7.928,2.787,31.581,3.972,2.726388931,2
161.983,8.353,2.765,52.366,3.71,2.13188801,2
163.609,8.124,2.744,42.103,3.709,2.9761743,2
190.639,15.285,2.737,112.217,3.751,2.067959376,2
162.547,10.96,2.774,51.227,4.022,2.925491033,2
188.522,28.775,2.597,46.332,4.232,1.229067202,2
175.594,7.19,2.752,45.391,4.687,2.204293666,2
160.694,9.239,2.725,36.735,4.12,2.109922607,2
171.658,10.958,2.735,93.349,3.648,2.266654963,2
165.425,4.974,2.759,37.733,4.209,2.205558911,2
166.771,4.641,2.733,49.529,4.33,2.537996553,2
163.419,3.836,2.732,26.025,4.731,2.858397623,2
181.849,12.489,2.763,83.973,3.997,2.207849711,2
159.476,3.865,2.749,39.372,4.28,3.818873552,2
158.053,9.135,2.754,37.411,3.675,2.751943897,2
164.227,7.265,2.765,44.66,4.089,2.833925084,2
160.057,1.83,2.683,26.82,4.538,4.594076671,2
170.496,5.171,2.771,59.53,3.763,3.001982366,2
167.108,6.044,2.664,26.108,5.064,2.718117048,2
172.308,7.891,2.732,46.126,4.173,4.114853448,2
184.032,9.846,2.766,87.148,3.893,2.270522788,2
153.465,8.027,2.78,42.607,4.144,3.343502533,2
196.012,7.894,2.747,80.534,3.984,1.761025252,2
170.583,9.537,2.739,57.334,3.491,2.199044481,2
183.687,13.129,2.751,101.116,3.601,2.176776903,2
159.668,4.915,2.745,32.417,4.274,3.226808626,2
157.62,3.788,2.785,27.061,4.452,2.317258728,2
168.251,13.947,2.79,30.572,3.986,2.302657717,2
166.124,12.828,2.715,76.98,3.733,2.745749143,2
212.048,16.929,2.737,153.071,3.574,1.365937023,2
175.374,11.424,2.72,74.413,3.648,2.273968382,2
172.21,4.839,2.723,47.924,3.503,2.97045009,2
159.668,4.915,2.745,32.417,4.274,3.226808626,2
159.719,9.786,2.765,52.62,4.099,2.477772208,2
168.685,7.663,2.714,27.847,3.379,2.27236152,2
176.503,6.057,2.683,29.633,4.022,2.756080525,2
159.899,7.564,2.778,47.948,4.116,2.436857281,2
158.898,6.898,2.694,25.146,5.115,3.622213816,2
167.51,4.976,2.718,34.759,4.538,3.243221406,2
180.292,11.439,2.794,79.594,3.968,2.218784877,2
162.508,10.434,2.719,30.977,3.42,2.446788724,2
173.32,14.373,2.67,27.238,4.304,2.933209311,2
174.203,9.161,2.738,81.426,3.679,1.939868544,2
161.225,1.898,2.723,29.765,3.85,3.533623117,2
176.318,6.212,2.76,101.995,4.396,2.386249197,2
169.71,6.087,2.695,39.379,4.738,2.88507216,2
188.357,10.073,2.749,44.564,4.285,2.492652849,2
169.223,12.591,2.786,58.252,3.922,1.96381615,2
201.1,18.806,2.77,121.587,3.798,1.752662943,2
167.133,2.373,2.738,34.328,4.258,3.177594498,2
178.027,10.879,2.742,71.547,4.361,2.469696862,2
176.61,10.488,2.833,100.654,4.389,1.874331035,2
160.838,4.97,2.714,28.028,4.249,2.741785631,2
172.236,6.34,2.776,54.439,4.046,2.685836646,2
182.114,11.389,2.714,83.532,3.416,1.805663943,2
179.085,11.747,2.717,74.069,3.438,1.866163237,2
174.193,17.211,2.721,64.088,3.894,1.773274348,2
171.797,13.334,2.751,81.387,3.897,2.35798056,2
167.73,12.1,2.809,62.638,4.034,1.933623932,2
178.633,14.169,2.755,82.163,3.702,1.855955048,2
172.515,2.626,2.792,32.327,4.626,3.827163451,2
181.96,15.105,2.721,50.678,4.301,1.90871015,2
156.264,11.421,2.848,32.961,4.54,2.548152242,2
171.747,11.538,2.807,66.135,4.008,2.149058918,2
156.044,9.374,2.808,34.353,4.084,2.661410375,2
182.004,7.168,2.734,34.586,4.079,1.977970397,2
160.78,14.07,2.771,25.068,3.967,2.239049093,2
162.57,7.237,2.722,27.475,3.781,2.129067645,2
162.07,5.529,2.758,32.299,3.921,2.566136859,2
161.192,3.764,2.741,55.45,4.526,3.622026272,2
165.895,11.287,2.729,51.125,3.656,2.096357239,2
156.48,8.15,2.736,43.864,3.602,2.829814974,2
161.942,3.086,2.704,25.779,3.797,3.305286435,2
166.357,3.805,2.727,35.849,4.638,4.21204389,2
173.373,9.542,2.785,64.381,4.308,2.265004246,2
166.015,-0.157,2.716,29.063,4.654,4.207482163,2
164.616,2.621,2.709,30.414,4.804,3.930741457,2
161.752,4.716,2.735,39.558,4.088,3.147034145,2
167.958,6.615,2.784,57.314,4.194,2.687211373,2
183.063,13.515,2.732,104.812,3.71,2.119519818,2
171.965,8.2,2.728,65.288,4.368,2.451659044,2
165.946,3.76,2.722,35.148,4.779,3.462038133,2
166.502,1.162,2.719,25.983,4.946,3.515758105,2
161.174,2.044,2.736,39.384,3.93,4.002187495,2
164.235,5.879,2.702,34.183,5.072,3.062664699,2
194.562,13.085,2.718,78.408,3.628,2.304074561,2
173.199,12.994,2.794,63.436,3.985,2.318090478,2
176.566,10.595,2.756,66.669,3.903,2.466990628,2
160.065,2.496,2.749,33.239,4.645,3.55070948,2
157.042,7.623,2.739,44.271,3.612,2.858880527,2
161.245,1.967,2.742,33.319,4.815,3.826418537,2
164.798,11.426,2.742,67.283,3.667,2.724993092,2
167.77,5.899,2.73,30.459,4.8,2.844357868,2
177.197,9.837,2.711,69.846,4.183,2.525358423,2
165.947,13.134,2.768,36.143,3.97,1.94792362,2
165.009,10.697,2.732,36.913,5.517,2.649365044,2
151.669,6.716,2.776,26.42,3.959,3.393971064,2
157.223,7.258,2.743,29.506,3.566,2.37533983,2
160.338,2.239,2.711,25.594,4.967,4.17152947,2
176.203,10.348,2.81,72.017,4.305,2.137398425,2
181.849,12.819,2.738,122.321,3.534,1.984419289,2
155.674,9.269,2.794,48.169,4.379,2.859228991,2
149.932,4.795,2.789,28.788,4.505,2.974664107,2
172.245,1.928,2.717,35.976,4.617,2.365527294,2
168.943,7.324,2.781,54.182,4.041,2.242501674,2
170.887,10.085,2.748,39.422,4.448,2.497177153,2
153.786,8.576,2.76,28.659,3.995,2.76320405,2
164.673,10.831,2.76,67.963,4.125,2.84468278,2
186.944,13.739,2.81,95.81,4.178,2.43241445,2
163.896,2.812,2.68,26.435,4.858,3.060510865,2
178.22,7.472,2.79,39.051,4.525,2.702696719,2
161.772,2.652,2.733,28.052,4.883,3.773541153,2
167.519,9.63,2.76,52.515,4.147,2.934927988,2
173.531,7.375,2.743,70.491,3.73,2.570919865,2
175.537,6.207,2.752,139.491,3.931,1.81693694,2
195.633,16.305,2.715,67.344,3.329,1.358201437,2
159.961,5.709,2.746,32.152,4.193,2.756032545,2
158.614,11.348,2.779,36.198,4.147,2.683866199,2
173.326,5.516,2.717,38.062,4.47,2.641438414,2
169.962,14.182,2.792,62.877,4.007,2.661971614,2
167.403,10.082,2.759,53.617,3.876,2.350087067,2
172.452,8.028,2.741,46.958,3.961,3.03559862,2
155.305,5.355,2.84,32.479,4.225,3.018970393,2
167.16,9.092,2.754,36.569,4.111,2.290993454,2
163.25,5.678,2.777,32.05,3.85,2.915158083,2
159.517,9.143,2.731,60.888,4.606,2.906402929,2
183.515,8.917,2.753,96.193,3.849,2.245196702,2
162.983,4.981,2.699,27.772,3.666,2.388118971,2
162.379,9.137,2.734,40.646,4.378,2.422268021,2
160.039,1.422,2.736,28.907,4.744,3.165887721,2
178.563,13.98,2.737,93.001,4.041,2.315645027,2
162.731,10.525,2.711,59.873,3.943,2.738206403,2
173.192,9.158,2.8,36.988,3.979,2.891271448,2
200.327,11.298,2.737,111.338,4.228,1.985745229,2
159.674,5.995,2.762,37.611,3.81,2.746523665,2
162.857,8.394,2.714,29.982,3.583,2.009323393,2
160.192,8.861,2.775,58.897,4.308,2.579098471,2
152.061,16.46,2.849,33.692,4.522,2.075232988,2
168.284,10.666,2.738,52.79,3.87,2.200311398,2
165.79,5.125,2.782,30.004,5.126,3.687012495,2
188.06,14.248,2.743,69.018,3.644,1.37716049,2
168.066,4.34,2.736,43.498,4.675,2.878430446,2
162.021,4.639,2.716,33.347,4.909,3.13885824,2
171.636,8.047,2.721,54.557,4.536,2.99993572,2
173.597,14.901,2.71,71.79,3.194,2.272201434,2
157.993,6.728,2.702,37.431,3.286,2.545351657,2
184.16,8.569,2.736,92.958,3.766,2.521505509,2
163.787,6.287,2.745,30.722,4.409,2.748685629,2
159.469,13.329,2.744,48.474,3.925,2.289684808,2
251.72,21.637,2.73,111.539,3.433,1.1513392,2
165.722,6.023,2.768,41.206,4.203,2.969816006,2
152.169,7.1,2.851,24.794,3.124,2.417382002,3
151.916,9.512,2.838,24.848,3.154,2.438627775,3
148.308,6.588,2.844,13.236,3.254,3.602120137,3
152.582,5.383,2.825,24.242,2.893,2.658137372,3
157.624,7.321,2.795,18.73,2.771,1.653424784,3
150.511,2.443,2.884,14.463,3.299,4.180797078,3
154.094,5.803,2.86,21.746,3.193,3.474353089,3
150.511,2.443,2.884,14.463,3.299,4.180797078,3
155,5.504,2.837,15.131,3.081,2.790263343,3
153.746,2.393,2.799,12.409,2.902,3.906315697,3
152.755,8.03,2.838,18.769,3.081,2.938944805,3
154.633,7.482,2.831,16.729,3,2.972441218,3
147.896,5.164,2.872,14.736,3.155,3.824349174,3
144.888,6.043,2.84,17.269,3.017,3.399838757,3
151.737,6.999,2.864,19.917,2.728,2.978329366,3
156.247,2.973,2.84,23.539,3.055,3.576916841,3
147.563,3.972,2.859,11.303,3.269,3.480495896,3
151.078,7.066,2.876,21.785,2.605,2.947088011,3
149.168,6.007,2.837,22.267,2.906,3.458733912,3
153.539,4.631,2.826,18.232,3.026,2.580601129,3
152.272,9.173,2.84,24.911,3.162,2.448918006,3
156.89,14.673,2.798,19.537,2.707,2.458335626,3
154.384,7.57,2.849,14.877,3.216,3.279650749,3
154.815,5.378,2.838,14.804,3.14,2.882902887,3
151.269,9.673,2.806,12.018,2.886,2.194206203,3
145.045,4.15,2.829,18.947,3.083,3.25120931,3
151.188,4.688,2.854,14.426,3.029,4.618725006,3
144.812,6.227,2.844,19.096,2.995,3.368152763,3
158.806,7.446,2.793,18.642,2.768,1.659374182,3
146.701,3.882,2.819,16,2.932,3.934011668,3
156.688,7.844,2.847,22.43,3,2.888210393,3
151.844,6.598,2.826,18.965,3.151,3.225139667,3
148.266,7.293,2.892,17.339,2.886,3.474516232,3
159.081,3.468,2.837,11.629,3.235,3.158799281,3
146.935,3.863,2.854,22.368,3.091,3.565431972,3
158.332,9.754,2.808,15.208,2.897,1.632467415,3
151.383,8.368,2.861,10.747,3.327,2.706426733,3
151.99,6.392,2.842,24.774,2.699,2.240851153,3
156.931,9.57,2.835,23.225,3.213,2.584307473,3
159.456,8.184,2.809,11.039,3.002,2.420353532,3
151.406,6.714,2.868,24.9,3.06,3.29616766,3
155.217,13.144,2.803,20.651,2.966,2.640537087,3
152.769,6.233,2.882,10.644,2.992,2.965147587,3
147.879,6.186,2.829,11.108,2.943,3.207255911,3
153.654,7.044,2.826,17.834,2.892,2.556129955,3
147.415,8.294,2.86,19.691,2.907,2.617714137,3
154.036,8.717,2.843,18.807,3.008,2.391873299,3
155.166,6.186,2.852,10.966,3.248,2.786524281,3
156.085,6.792,2.833,21.959,2.923,2.667409988,3
150.541,5.165,2.851,22.628,2.629,2.594417966,3
151.472,3.493,2.845,12.411,3.253,4.629687632,3
150.399,9.432,2.809,12.156,2.768,2.212065025,3
152.253,9.384,2.852,16.156,3.142,2.92533788,3
155.353,7.817,2.889,11.726,2.971,2.941884448,3
148.96,7.342,2.895,15.538,3.268,2.747620747,3
155.217,13.144,2.803,20.651,2.966,2.640537087,3
144.446,8.712,2.887,19.068,2.77,3.557587437,3
154.082,9.972,2.809,20.582,3.012,3.235046163,3
151.702,8.331,2.833,14.413,3.02,3.191670063,3
151.269,9.673,2.806,12.018,2.886,2.194206203,3
161.715,10.652,2.834,23.49,3.205,2.627523567,3
151.098,7.444,2.825,13.979,2.981,2.855850353,3
148.38,10.254,2.824,17.307,3.072,3.219375973,3
150.293,3.966,2.826,12.661,3.081,3.313138639,3
146.439,8.315,2.896,18.268,2.931,2.588100197,3
150.624,6.625,2.829,16.866,3.017,3.052965435,3
158.187,6.185,2.852,16.113,2.91,2.97129812,3
152.878,7.312,2.835,19.249,3.071,2.325415083,3
151.742,6.445,2.827,13.193,3.011,2.617768593,3
149.857,4.873,2.872,20.597,3.224,3.369424603,3
155.563,6.153,2.847,21.825,3.293,2.915816516,3
156.047,11.145,2.835,14.452,3.079,2.501738258,3
151.872,8.256,2.867,9.318,3.118,2.864131204,3
148.72,6.307,2.826,16.398,3.148,3.363276071,3
157.348,11.728,2.883,9.508,3.105,2.284615693,3
157.523,6.938,2.825,24.656,3.008,2.512482941,3
152.874,6.496,2.831,14.397,3.152,3.230084216,3
158.308,9.86,2.831,10.412,3.132,2.152954567,3
157.513,6.528,2.855,19.603,2.731,2.589174101,3
150.111,6.072,2.851,17.078,3.086,3.064903661,3
164.663,10.308,2.77,9.534,2.675,2.146376133,3
148.439,4.237,2.868,12.694,3.292,3.649497445,3
154.526,6.72,2.825,16.818,2.902,1.964843955,3
151.739,8.017,2.849,15.521,3.229,2.613966492,3
164.946,7.837,2.778,12.779,2.768,2.286573224,3
149.87,7.147,2.869,14.054,2.727,2.592923634,3
148.72,6.307,2.826,16.398,3.148,3.363276071,3
151.418,6.689,2.864,19.715,2.739,2.998963841,3
151.098,7.444,2.825,13.979,2.981,2.855850353,3
161.552,7.219,2.784,17.671,2.849,2.321136346,3
159.096,7.643,2.827,13.395,2.909,2.598248668,3
148.963,5.266,2.84,19.767,3.056,3.388693244,3
152.958,1.925,2.827,12.155,2.936,3.840150589,3
153.962,5.885,2.835,24.64,2.721,2.47833558,3
153.021,6.781,2.853,23.342,3.081,2.621267703,3
154.923,6.978,2.886,9.17,2.839,2.79774521,3
153.2,5.023,2.871,10.722,2.874,2.697029591,3
153.215,6.558,2.842,20.063,3.032,2.574392451,3
157.41,4.807,2.82,20.639,2.802,2.516844624,3
158.003,11.662,2.88,8.825,3.119,2.262968138,3
159.626,6.877,2.819,19.053,3.103,2.966781669,3
154.414,4.946,2.859,20.653,3.167,3.421283681,3
155.478,8.429,2.84,19.143,3.19,2.614232617,3
157.3,14.81,2.794,18.608,2.771,2.412877002,3
154.66,5.053,2.826,18.672,3.127,3.935483888,3
151.189,8.744,2.849,17.517,2.867,2.367335417,3
149.77,7.55,2.86,13.049,2.754,2.59196789,3
167.655,11.966,2.812,12.285,2.956,1.715577192,3
152.554,8.132,2.851,12.249,3.22,3.077667992,3
157.969,9.382,2.844,21.632,3.258,2.597941874,3
152.71,6.104,2.818,16.446,3.087,2.62306209,3
143.238,7.22,2.908,16.999,3.224,3.884892404,3
146.017,8.1,2.908,18.028,2.855,2.63368252,3
151.544,3.268,2.83,13.015,3.142,4.260546966,3
148.426,9.766,2.854,15.26,2.877,2.569248637,3
170.141,4.628,2.836,21.83,3.157,3.457351189,3
150.369,6.736,2.843,19.109,3.093,3.162997887,3
154.884,6.883,2.801,18.739,2.781,1.666817391,3
151.123,7.616,2.846,24.951,3.125,3.162084147,3
150.776,3.909,2.85,12.484,2.94,4.061241765,3
148.625,6.539,2.835,10.855,2.841,3.038321258,3
151.814,8.26,2.839,24.096,3.061,2.908363828,3
152.833,6.47,2.827,24.228,3.043,2.832545954,3
152.82,5.022,2.869,24.455,3.129,3.080767862,3
144.152,7.314,2.9,20.832,3.314,3.673808377,3
147.229,6.965,2.86,19.529,3.081,2.957609681,3
149.774,3.299,2.859,12.437,3.31,4.629630798,3
149.088,3.625,2.85,13.098,3.18,3.584407898,3
153.405,4.887,2.873,18.157,3.142,3.506191036,3
156.615,8.065,2.796,24.582,2.906,2.308828964,3
148.345,8.41,2.88,24.067,2.513,2.5369345,3
159.456,8.184,2.809,11.039,3.002,2.420353532,3
154.689,7.345,2.829,18.247,3.126,2.715863846,3
151.618,7.735,2.841,16.177,2.912,2.243157153,3
144.777,7.483,2.896,22.697,3.329,3.57714411,3
155.152,5.81,2.808,12.702,2.985,2.138362706,3
169.29,14.578,2.853,21.025,3.241,2.15276825,3
154.526,6.72,2.825,16.818,2.902,1.964843955,3
149.327,8.12,2.849,22.198,3.133,3.248792255,3
152.629,7.222,2.816,15.558,3.054,2.876864181,3
154.383,4.76,2.87,19.535,3.128,3.42657079,3
157.543,8.419,2.826,17.509,2.922,2.800434558,3
154.499,6.715,2.794,13.402,2.819,2.288707431,3
146.817,3.841,2.812,16,2.946,3.925645988,3
159.096,7.643,2.827,13.395,2.909,2.598248668,3
150.491,8.266,2.796,23.33,2.681,2.978853129,3
153.021,6.781,2.853,23.342,3.081,2.621267703,3
159.456,8.184,2.809,11.039,3.002,2.420353532,3
151.736,3.611,2.857,18.687,3.22,2.580642193,3
151.422,4.935,2.832,24.041,2.873,2.681906646,3
151.572,5.772,2.835,12.937,3.198,2.66905362,3
166.16,11.063,2.824,9.837,2.917,2.255019093,3
149.254,10.639,2.834,22.675,2.826,3.382555342,3
151.833,6.962,2.848,21.995,3.247,3.394406673,3
151.1,9.907,2.827,24.627,2.925,3.221957223,3
156.016,8.199,2.859,18.73,2.749,2.330574067,3
156.89,14.673,2.798,19.537,2.707,2.458335626,3
150.846,9.13,2.81,18.304,3.013,3.320151273,3
155.555,8.327,2.81,23.232,3.01,2.839745706,3
149.988,5.115,2.843,20.338,3.195,2.916760216,3
154.526,6.72,2.825,16.818,2.902,1.964843955,3
147.046,5.499,2.85,16.644,3.231,3.272435046,3
154.067,6.653,2.801,18.527,2.782,1.720233748,3
152.195,7.256,2.871,23.342,2.634,2.924931788,3
152.311,9.272,2.852,20.907,3.054,2.532344089,3
156.06,7.872,2.859,14.197,2.694,2.275824832,3
163.919,4.378,2.846,22.727,3.301,3.145611228,3
150.5,6.663,2.845,22.006,2.892,2.927755718,3
150.116,10.682,2.833,23.411,3.041,3.254652711,3
146.206,7.779,2.903,21.043,2.831,2.823766921,3
150.107,7.466,2.804,19.967,2.966,2.136216239,3
153.505,5.991,2.847,24.926,3.066,3.014286108,3
150.901,11.412,2.829,21.533,3.017,2.840637341,3
145.045,4.15,2.829,18.947,3.083,3.25120931,3
151.642,7.367,2.901,20.61,3.079,2.805934257,3
151.475,5.925,2.851,19.96,2.667,2.919530987,3
151.714,3.417,2.885,14.326,3.057,4.628792657,3
150.547,8.954,2.819,16.361,3.054,2.607911597,3
150.368,9.39,2.827,13.098,2.965,2.48084883,3
158.158,7.402,2.858,24.597,3.305,3.03237294,3
153.734,6.223,2.864,21.988,3.02,3.10269777,3
158.672,7.983,2.797,23.538,2.834,2.407606723,3
159.303,7.91,2.835,21.788,2.793,2.743951674,3
153.139,7.309,2.827,16.334,3.039,2.62417583,3
157.739,10.757,2.846,18.86,2.852,2.914384945,3
151.382,6.339,2.826,13.41,3.031,2.618935661,3
152.225,8.172,2.833,14.958,3.021,3.211980266,3
149.699,9.401,2.841,14.032,3.241,2.9628441,3
159.176,10.966,2.807,18.71,2.873,2.158537381,3
154.366,2.229,2.8,16.606,3.152,3.87926876,4
163.625,6.01,2.827,11.921,3.716,2.849381327,4
160.246,11.463,2.745,18.318,3.116,2.074991878,4
147.563,5.784,2.8,18.543,3.721,3.595529509,4
156.02,3.412,2.78,11.039,3.785,2.963656103,4
154.041,7.14,2.759,11.202,3.553,2.345361966,4
161.249,11.038,2.833,23.896,3.596,2.609912278,4
160.234,6.973,2.729,18.009,3.008,1.895715292,4
157.806,6.253,2.784,17.792,3.465,2.758534937,4
179.084,15.95,2.715,11.587,3,1.596630079,4
152.615,9.526,2.805,12.416,3.709,2.449321006,4
153.581,1.695,2.812,18.606,3.98,4.289200188,4
153.77,2.914,2.791,12.303,3.9,3.625844393,4
155.998,8.365,2.793,23.273,3.921,2.346701053,4
149.37,3.692,2.788,11.713,3.825,3.294153951,4
158.39,10.856,2.788,12.954,3.594,1.934336823,4
164.192,8.311,2.75,14.856,3.329,2.634278719,4
159.084,9.073,2.777,19.981,3.501,2.110956517,4
167.404,8.327,2.829,24.163,3.656,2.399249602,4
164.442,6.856,2.789,19.284,3.376,2.620376569,4
168.84,14.648,2.737,14.415,3.274,1.603068554,4
147.499,9.334,2.808,17.785,3.836,2.03564183,4
160.758,10.978,2.74,14.722,3.216,1.964339786,4
149.527,6.36,2.759,17.396,3.449,3.584916223,4
152.753,7.432,2.806,16.392,3.526,2.836632317,4
148.493,11.619,2.806,18.209,3.649,2.637877819,4
169.705,12.701,2.759,17.99,3.152,2.133883652,4
154.813,7.176,2.769,16.845,3.334,2.657854832,4
155.288,8.223,2.842,22.376,3.422,2.64679373,4
150.209,7.787,2.801,19.242,3.636,3.25303787,4
162.236,8.382,2.747,16.308,3.422,1.813767742,4
152.421,3.172,2.829,16.68,3.859,3.788038629,4
165.714,4.646,2.751,21.823,3.398,2.078804694,4
170.563,13.678,2.758,12.232,3.151,1.625024198,4
153.671,5.011,2.82,15.637,3.285,3.121962111,4
163.508,8.421,2.75,11.233,3.532,2.771813755,4
159.918,10.473,2.785,21.381,3.45,2.043931793,4
156.443,11.486,2.769,12.163,3.212,2.510105131,4
151.871,7.456,2.802,14.024,3.477,2.44119537,4
154.748,4.975,2.757,16.784,3.582,4.059077622,4
152.214,7.161,2.789,18.751,3.69,2.89618107,4
149.33,9.118,2.814,12.914,3.891,2.531847911,4
150.963,2.52,2.816,11.708,3.624,4.121974147,4
165.346,11.667,2.797,22.232,3.056,1.837076831,4
156.563,10.089,2.761,16.796,3.44,2.107230327,4
156.162,8.934,2.812,24.678,3.475,2.595651614,4
153.56,9.553,2.806,21.089,3.47,2.455666955,4
162.732,4.274,2.767,22.803,3.068,2.879611334,4
152.416,5.634,2.788,17.035,3.643,2.585256507,4
151.682,3.616,2.817,14.945,3.524,3.920134758,4
150.163,5.942,2.815,23.783,3.277,2.881647094,4
157.999,6.48,2.782,13.504,3.313,2.386011783,4
159.151,4.563,2.832,12.482,3.929,3.44611074,4
168.486,9.229,2.763,12.016,3.23,2.369842719,4
151.949,3.978,2.782,21.299,3.471,2.706755323,4
156.361,10.572,2.726,15.106,3.062,2.336259552,4
152.109,4.767,2.817,19.109,3.423,3.221383719,4
152.969,8.265,2.817,13.497,3.298,2.842049163,4
150.248,7.983,2.792,13.8,3.842,2.893549277,4
149.551,3.866,2.796,12.621,3.407,3.56241445,4
152.969,4.255,2.842,9.98,3.877,3.759858741,4
155.678,10.993,2.747,13.946,3.399,2.397486368,4
163.416,8.425,2.75,24.391,3.133,2.461339426,4
164.09,10.806,2.729,11.948,3.216,2.366262285,4
156.492,7.705,2.813,24.295,3.634,2.413774043,4
149.575,6.205,2.78,15.851,3.788,2.959269933,4
155.355,8.345,2.746,12.019,3.28,2.232337821,4
158.988,5.543,2.771,23.911,3.178,2.846958414,4
155.388,7.285,2.849,7.417,3.36,2.247002995,4
149.94,1.837,2.8,13.774,3.765,3.431247293,4
153.789,7.931,2.793,18.765,3.765,3.013235497,4
149.103,7.952,2.797,20.539,3.09,2.415567591,4
178.811,18.09,2.668,8.938,3.031,1.628480889,4
152.274,10.344,2.827,23.881,3.862,2.71094453,4
163.77,4.303,2.788,12.958,3.872,2.544800763,4
161.575,5.268,2.786,17.925,3.129,2.361287654,4
150.486,6.563,2.801,22.817,3.247,3.059936213,4
162.7,10.627,2.731,14.459,3.287,2.284372072,4
152.393,1.731,2.8,14.967,3.7,4.545222328,4
160.648,7.771,2.772,12.694,3.366,2.487414143,4
153.022,7.266,2.768,18.523,3.411,2.943219409,4
150.981,8.961,2.749,23.466,3.048,3.005727756,4
156.897,8.597,2.776,16.484,3.698,2.517670854,4
151.868,6.822,2.777,19.475,3.611,2.91529006,4
156.2,7.044,2.782,20.874,3.31,2.383120298,4
150.903,6.884,2.824,17.324,3.159,3.10634969,4
149.872,6.206,2.779,20.748,3.224,3.253091221,4
156.782,6.451,2.779,23.718,3.682,2.334363264,4
165.342,12.257,2.781,13.943,3.769,2.1092511,4
162.624,3.372,2.787,12.633,3.472,3.009888794,4
162.097,5.617,2.792,18.881,3.49,3.582735885,4
164.953,16.123,2.715,21.02,3.094,1.938069186,4
152.829,6.491,2.821,22.671,3.354,3.001516511,4
154.566,6.704,2.809,23.695,3.678,2.67209139,4
155.352,6.905,2.81,16.294,3.473,3.995709194,4
164.323,11.427,2.737,17.043,3.04,2.051569245,4
151.592,2.892,2.812,18.801,3.707,3.736874202,4
151.321,6.3,2.823,11.628,3.16,2.860889958,4
163.219,3.946,2.761,15.679,3.561,3.165427742,4
154.481,5.175,2.759,14.768,3.527,2.455035298,4
173.667,13.428,2.743,11.637,2.95,1.737478896,4
162.08,12.092,2.774,18.49,2.988,2.170144323,4
147.33,11.865,2.893,13.306,4.007,2.461756566,4
154.223,5.491,2.82,12.791,3.345,2.457836498,4
156.665,10.424,2.791,23.565,3.708,2.902759254,4
146.307,5.991,2.772,12.54,3.613,3.388039891,4
157.762,6.364,2.797,9.904,3.065,2.525099252,4
158.871,7.472,2.801,21.389,3.143,2.588558527,4
162.957,3.716,2.795,20.091,3.766,3.686791372,4
161.479,11.249,2.737,12.36,3.289,2.222508376,4
161.633,10.374,2.84,13.409,3.612,2.703164081,4
156.517,8.467,2.864,10.524,3.63,1.974939789,4
152.329,3.289,2.817,13.38,4.021,4.042220214,4
158.68,4.23,2.801,17.659,3.448,3.235749073,4
156.509,10.971,2.8,15.716,3.31,2.613535277,4
151.561,6.089,2.81,16.62,3.282,2.96972242,4
159.014,9.331,2.79,21.473,3.903,2.744642625,4
154.916,6.631,2.798,13.553,3.363,2.619188322,4
151.212,4.387,2.755,16.214,3.241,2.822758946,4
156.747,8.591,2.825,22.113,3.366,2.879498434,4
168.805,9.96,2.776,20.209,3.497,2.492535503,4
151.76,3.083,2.818,10.158,3.808,4.629709169,4
152.876,9.874,2.843,23.152,3.379,2.818782595,4
174.41,13.063,2.707,12.271,3.109,1.77530455,4
149.956,1.81,2.796,13.218,3.821,3.45401403,4
161.324,7.992,2.79,23.959,3.267,2.418700592,4
150.128,5.469,2.796,24.833,3.756,2.902897226,4
162.608,10.747,2.801,10.333,3.188,2.014142362,4
152.592,7.12,2.801,22.869,3.136,2.914731257,4
169.357,9.723,2.712,14.479,3.18,2.242819606,4
156.574,5.722,2.81,24.038,3.316,3.478535041,4
156.143,10.091,2.817,23.93,3.44,2.808648424,4
152.764,6.747,2.813,24.86,3.381,3.097628263,4
154.968,6.821,2.766,14.704,3.126,3.170366462,4
156.83,7.418,2.74,17.831,3.016,3.127874179,4
158.511,2.894,2.784,17.567,3.821,3.530509871,4
156.108,9.518,2.837,11.117,3.324,2.268872705,4
155.031,9.669,2.762,17.963,3.595,2.453079718,4
149.112,3.898,2.823,14.951,3.925,3.674619135,4
158.243,7.206,2.791,19.431,3.419,2.569737815,4
149.739,8.667,2.766,22.079,3.576,2.81408104,4
161.557,6.506,2.795,13.324,3.014,3.171028097,4
159.759,7.702,2.747,22.398,3.408,2.568529082,4
158.539,9.054,2.797,20.64,3.484,2.2304106,4
151.893,9.436,2.793,14.961,3.325,3.257687932,4
150.864,8.073,2.792,13.942,3.812,2.869165397,4
152.417,8.952,2.811,21.619,3.751,2.79586334,4
158.448,10.163,2.791,14.709,3.16,2.656033964,4
152.902,2.028,2.781,13.067,3.779,4.349851059,4
164.84,12.263,2.762,13.699,3.347,2.28563381,4
153.364,4.769,2.832,24.467,3.41,3.004752874,4
151.065,6.677,2.751,17.152,3.025,2.773049567,4
154.612,6.875,2.795,16.066,3.122,3.117317706,4
156.389,10.17,2.797,13.437,3.66,2.040281841,4
157.63,6.092,2.803,16.083,3.316,2.48689782,4
154.274,7.101,2.77,14.173,3.197,2.726643275,4
159.972,7.973,2.826,22.179,3.356,2.089700274,4
156.35,6.677,2.757,9.9,3.354,2.367038938,4
158.68,2.484,2.741,17.47,2.838,3.017202013,4
149.104,8.99,2.829,13.574,3.734,2.523739965,4
149.321,6.561,2.841,19.362,3.434,3.45349615,4
152.608,1.379,2.814,18.59,3.989,3.450479439,4
160.406,6.713,2.756,18.454,3.113,1.930648536,4
151.187,7.21,2.738,11.118,3.14,2.769981078,4
164.833,10.886,2.741,14.179,3.244,2.318726797,4
154.518,6.885,2.802,19.372,3.002,2.884680405,4
159.228,7.685,2.762,16.711,3.277,2.843432744,4
156.499,5.482,2.763,20.154,3.384,2.63361185,4
151.022,7.283,2.775,19.302,3.208,3.23089627,4
153.644,15.342,2.726,22.481,3.079,2.283504757,4
156.126,3.147,2.778,20.755,3.593,2.969749892,4
153.684,6.235,2.798,14.894,3.49,2.657226094,4
169.046,15.831,2.734,21.035,3.151,1.473968441,4
164.254,6.328,2.759,14.856,2.976,2.252202315,4
164.755,9.978,2.717,13.499,3.214,2.294510315,4
157.597,7.122,2.755,21.803,3.026,3.050818856,4
160.216,3.433,2.787,19.505,3.642,3.352431828,4
150.987,8.566,2.807,17.835,3.522,2.381055485,4
148.742,10.781,2.805,23.13,3.091,3.3974695,4
158.432,10.379,2.8,12.692,3.298,2.629304581,4
152.215,6.528,2.785,14.145,3.043,3.27213808,4
159.786,13.382,2.761,21.353,3.436,2.131849542,4
150.77,4.836,2.819,15.115,3.215,3.219592908,4
151.528,6.424,2.822,17.723,3.289,3.150604794,4
159.909,10.294,2.806,20.417,3.594,2.519863418,4
156.031,1.087,2.829,12.599,3.477,3.443508314,4
155.25,11.74,2.828,12.432,3.295,2.28474647,4
151.694,6.86,2.797,22.722,3.394,2.754139549,4
157.477,12.55,2.784,15.122,3.622,2.542228951,4
174.637,10.717,2.709,23.333,3.051,2.08492286,4
157.434,8.278,2.844,63.817,3.425,2.958348355,5
171.876,14.766,2.806,98.509,3.563,2.166427153,5
165.999,11.262,2.774,36.196,3.677,2.342442421,5
159.849,11.575,2.787,66.188,3.142,2.589808907,5
160.232,6.936,2.771,47.606,3.404,2.948872937,5
167.808,8.238,2.757,79.498,2.985,2.490837422,5
158.605,7.28,2.821,41.631,3.212,2.841624097,5
159.671,13.037,2.835,52.368,3.349,2.362056265,5
153.228,7.385,2.81,29.429,3.429,3.030772515,5
156.466,9.243,2.847,75.605,3.304,3.06842744,5
159.626,6.75,2.853,47.427,3.456,2.567726087,5
164.874,11.051,2.779,31.427,3.657,2.246855422,5
159.847,12.151,2.819,50.461,3.728,1.885909397,5
168.971,7.702,2.8,48.117,3.416,2.252430662,5
173.388,12.397,2.811,77.788,3.505,1.794104471,5
162.66,9.306,2.727,43.241,3.204,2.615168039,5
166.536,11.354,2.82,51.737,3.418,2.286737076,5
168.59,11.572,2.789,60.195,3.686,2.039897721,5
172.998,13.411,2.725,93.12,2.983,2.130986328,5
196.008,16.149,2.751,137.449,3.429,1.749519887,5
176.254,8.496,2.789,62.356,3.707,2.899513544,5
150.436,6.737,2.83,49.126,3.451,3.095414859,5
152.943,8.236,2.789,28.708,3.282,2.196422151,5
181.826,16.084,2.769,87.978,3.31,1.912636485,5
156.195,9.344,2.826,40.663,3.222,2.747100931,5
177.126,11.237,2.876,79.089,3.439,2.040669575,5
176.737,11.639,2.759,65.043,3.474,2.035385706,5
155.437,17.048,2.785,42.751,3.549,2.5731386,5
153.734,7.263,2.78,27.961,3.175,2.776191788,5
165.3,11.805,2.848,62.274,3.577,2.318599608,5
170.726,11.072,2.869,70.007,2.861,2.054245242,5
161.497,9.438,2.789,38.741,3.105,2.214732612,5
161.574,2.923,2.786,57.164,3.358,3.273886793,5
163.771,11.587,2.78,80.63,2.771,2.497188211,5
168.31,12.065,2.804,60.485,3.19,2.157937037,5
190.416,12.148,2.739,92.364,3.386,2.218351666,5
183.884,15.743,2.842,92.451,3.479,2.094670237,5
175.053,9.112,2.791,61.789,3.337,2.199522065,5
165.07,11.606,2.749,31.466,3.45,3.245378164,5
178.974,11.675,2.878,88.355,3.088,1.910176007,5
156.647,7.107,2.858,31.081,3.253,2.839390677,5
167.611,15.825,2.839,72.556,3.457,2.368061775,5
153.086,7.704,2.85,25.594,3.125,3.041022588,5
197.709,6.32,2.793,25.252,3.638,2.465995191,5
182.048,17.271,2.858,84.222,3.351,2.229947917,5
166.499,16.698,2.8,29.613,2.949,2.18750944,5
159.187,12.414,2.805,35.104,3.524,2.070111783,5
168.201,13.257,2.827,75.272,3.09,2.11846314,5
192.166,8.787,2.768,96.648,3.455,2.075368097,5
160.974,14.053,2.865,68.042,3.179,2.163581745,5
155.117,10.598,2.784,53.652,3.212,2.822056221,5
160.076,7.263,2.832,27.851,3.55,2.549301277,5
158.075,3.536,2.732,30.301,2.997,2.892317817,5
169.205,36.723,2.79,179.632,3.844,1.395448712,5
180.133,14.571,2.734,62.42,3.216,2.16966268,5
162.643,15.093,2.741,51.313,2.982,2.253660214,5
187.508,12.668,2.834,91.579,2.922,1.959594646,5
165.922,19.437,2.803,58.837,2.948,2.832943628,5
159.272,5.454,2.81,26.206,3.775,3.215953587,5
158.75,9.164,2.834,28.463,3.336,2.733107346,5
159.109,7.781,2.796,45.441,3.511,2.387201116,5
154.875,7.217,2.866,30.627,3.144,2.568193508,5
193.83,13.877,2.845,102.274,3.532,1.636327388,5
185.531,14.916,2.775,116.476,3.779,1.908426037,5
160.545,4.026,2.815,51.106,3.113,2.374827135,5
155.143,9.031,2.857,42.585,3.245,2.912365557,5
185.821,14.578,2.755,98.351,3.164,1.97627201,5
190.253,7.046,2.855,92.57,2.949,2.338408679,5
171.47,9.583,2.815,30.727,3.434,2.576529082,5
166.761,12.403,2.812,37.472,3.08,2.715919817,5
154.421,10.909,2.84,40.14,3.45,2.632334782,5
166.676,12.31,2.777,73.723,3.466,2.63056821,5
153.37,5.56,2.816,25.807,3.08,2.592656327,5
164.092,4.187,2.783,60.05,3.407,3.206284694,5
163.835,9.586,2.829,37.42,3.86,2.200615237,5
187.915,19.447,2.81,123.214,2.589,2.130044142,5
167.121,16.078,2.773,57.717,3.019,2.415081908,5
178.592,9.619,2.764,91.037,3.564,2.101561497,5
157.992,5.115,2.773,43.522,3.675,3.03121127,5
164.568,10.123,2.853,60.053,2.934,2.394437671,5
176.764,15.042,2.778,63.297,3.379,2.192425267,5
161.008,9.921,2.807,33.689,3.474,2.342090911,5
154.611,7.779,2.814,53.912,3.729,2.634508506,5
156.292,11.098,2.809,45.704,3.534,2.631383897,5
181.97,13.952,2.78,92.761,2.744,1.91627493,5
158.044,8.584,2.824,49.49,3.148,2.249328015,5
172.549,8.56,2.803,44.481,3.759,2.034508137,5
166.035,11.71,2.757,74.935,3.447,2.669150385,5
165.818,10.766,2.849,63.01,3.34,2.114370755,5
157.832,9.415,2.88,45.298,3.591,2.342716717,5
159.288,6.008,2.77,37.857,3.444,2.586559176,5
170.947,14.74,2.801,87.856,3.489,2.258946015,5
159.845,8.399,2.857,52.134,3.144,2.428907086,5
164.659,9.298,2.873,63.075,3.353,2.325985416,5
163.149,10.044,2.798,35.782,3.792,1.973492692,5
165.327,12.535,2.827,73.627,3.815,2.204849527,5
172.029,14.177,2.769,75.43,3.688,2.166797052,5
166.006,10.237,2.804,26.799,3.182,3.07760988,5
153.934,4.232,2.771,32.001,3.432,2.863759909,5
151.273,3.895,2.871,30.058,3.425,2.904025426,5
160.883,5.825,2.841,33.383,3.569,2.796252309,5
190.241,14.677,2.799,69.898,3.719,2.151804846,5
154.917,6.286,2.816,34.48,3.522,2.855015518,5
157.038,11.268,2.861,60.908,3.127,2.528142504,5
170.002,9.817,2.835,55.647,2.742,2.511767088,5
165.169,12.297,2.83,56.783,3.746,2.470359031,5
160.13,4.42,2.774,74.064,2.996,2.46561481,5
180.145,14.704,2.777,95.644,3.363,2.129170877,5
159.549,8.758,2.838,38.716,3.034,2.949377807,5
179.854,14.879,2.787,57.36,3.319,1.783660649,5
159.443,9.537,2.788,47.711,3.485,2.494751339,5
177.238,12.701,2.81,86.951,3.33,1.782587274,5
172.028,11.096,2.773,68.595,3.668,1.804391618,5
154.814,8.946,2.851,37.369,3.136,2.48683129,5
181.094,12.222,2.772,61.256,2.928,2.038254454,5
168.501,15.289,2.791,67.408,3.42,1.798650645,5
189.762,12.838,2.789,77.171,3.394,1.986090657,5
152.668,8.526,2.84,37.59,2.993,2.790276717,5
154.483,7.849,2.835,42.677,3.931,2.690138466,5
157.198,7.068,2.781,39.372,3.223,2.941398124,5
161.138,10.275,2.779,52.531,3.613,2.600506786,5
171.498,11.267,2.821,69.676,3.275,2.071126857,5
168.681,12.893,2.765,59.666,3.538,2.310841945,5
185.957,11.56,2.786,89.172,3.698,1.877607437,5
156.179,10.463,2.8,37.352,3.477,2.988334618,5
152.912,9.054,2.845,36.698,3.333,2.666946448,5
154.406,5.848,2.838,40.967,3.083,2.70850758,5
149.034,6.024,2.837,46.307,3.741,2.877823261,5
158.449,14.227,2.815,56.423,3.472,2.417056299,5
155.402,9.704,2.819,36.596,3.535,2.730218457,5
160.348,10.44,2.89,32.409,3.007,2.348462583,5
162.095,12.087,2.771,62.232,3.561,2.446332087,5
176.688,14.547,2.792,92.674,3.279,2.23064048,5
167.204,7.167,2.801,63.754,3.268,2.350846699,5
177.491,7.835,2.808,61.298,3.254,2.531183752,5
180.519,17.048,2.786,98.509,3.097,2.018941706,5
163.965,9.788,2.813,42.778,3.433,2.560350264,5
162.25,11.034,2.779,43.83,3.398,2.183173007,5
170.506,9.575,2.842,74.109,3.353,2.193889508,5
171.141,12.261,2.774,55.387,2.921,2.209919631,5
150.96,2.164,2.832,39.49,3.315,3.161486893,5
154.286,10.791,2.743,29.818,2.966,2.361886419,5
175.964,14.091,2.841,90.337,3.204,2.076855172,5
155.937,5.487,2.856,39.295,3.004,2.666088153,5
165.916,11.857,2.758,69.301,3.215,2.119836321,5
159.91,7.549,2.816,32.669,3.534,2.6397663,5
165.272,7.948,2.797,48.636,3.94,2.948814307,5
161.305,11.559,2.794,69.901,3.501,2.025883175,5
158.9,12.719,2.858,66.001,3.091,2.199253145,5
156.257,12.416,2.847,51.868,3.501,2.55287011,5
184.002,16.396,2.796,89.352,3.371,1.802294711,5
189.892,15.38,2.759,100.48,3.412,2.328263368,5
159.334,9.166,2.809,59.145,3.811,2.677076534,5
164.624,13.178,2.834,67.923,3.723,2.262424984,5
181.544,10.082,2.76,125.679,3.329,1.988541121,5
163.094,5.91,2.75,33.794,3.321,2.337461258,5
168.935,11.95,2.804,66.839,3.642,2.245796347,5
168.955,11.223,2.803,63.456,3.623,2.539577883,5
157.706,7.389,2.794,30.648,3.951,2.82607221,5
165.613,13.378,2.841,58.33,3.578,2.278234423,5
160.32,11.898,2.768,25.397,3.346,2.622086514,5
187.806,11.296,2.779,115.041,3.586,2.158570542,5
157.74,10.23,2.839,37.676,3.207,2.686493268,5
163.698,13.297,2.829,69.238,3.637,2.093747284,5
157.516,7.096,2.794,42.366,3.933,3.449979362,5
161.401,8.495,2.756,25.049,3.598,2.713513223,5
164.522,12.117,2.812,83.307,3.403,2.118635025,5
168.153,15.281,2.694,26.715,3.107,1.451341171,5
170.769,4.571,2.793,70.601,3.686,2.459345738,5
156.045,6.013,2.783,45.008,3.787,2.971473927,5
176.588,15.842,2.855,111.162,3.145,1.983184101,5
152.772,5.572,2.814,40.475,3.774,2.896554876,5
157.591,3.258,2.669,39.386,2.941,3.530337523,5
163.037,10.256,2.818,46.7,3.65,2.276089392,5
163.035,10.907,2.804,82.641,3.634,2.076021142,5
161.699,5.854,2.747,72.398,2.837,2.388396081,5
171.41,8.802,2.786,78.575,3.366,2.250063637,5
154.679,7.497,2.801,44.093,3.525,2.772499936,5
172.309,13.04,2.746,92.406,3.202,2.107084413,5
155.44,12.934,2.752,45.335,3.009,2.52872778,5
158.55,9.709,2.784,40.71,3.257,2.536087281,5
181.54,21.471,2.827,66.538,3.972,1.756141446,5
179.524,11.67,2.774,85.324,3.104,2.684803186,5
157.849,8.02,2.805,36.439,3.822,2.550965416,5
152.821,8.15,2.88,58.765,3.119,2.825928285,5
159.72,9.054,2.861,46.29,3.179,2.526427161,5
162.298,11.258,2.743,37.83,2.986,2.930347323,5
157.124,8.874,2.855,53.015,2.676,2.705736312,5
170.156,11.907,2.777,50.115,3.417,2.241591302,5
180.537,12.681,2.808,85.762,3.686,2.29633825,5
