157.449,1.714,2.723,16.303,4.943,9487.71
156.589,0.985,2.694,13.336,5.011,10252.104
155.519,1.185,2.701,12.347,5.043,9167.337
158.235,1.253,2.719,9.705,5.079,8163.5
161.607,1.726,2.727,13.294,4.884,10322.24
156.467,1.034,2.694,12.472,5.108,8954.524
156.549,1.711,2.688,17.62,4.937,7356.168
161.481,1.621,2.729,12.14,4.859,8319.002
154.975,0.784,2.715,9.807,4.958,9943.308
156.51,0.698,2.736,11.949,4.853,10222.826
158.804,1.382,2.717,23.359,5.1,10524.318
156.048,1.768,2.73,16.317,4.986,15982.486
158.073,0.813,2.711,19.451,5.127,7273.766
159.892,2.246,2.722,13.948,4.789,12173.971
155.286,1.719,2.715,19.758,4.997,6514.51
157.493,0.943,2.714,15.701,4.92,17665.941
158.413,2.39,2.693,20.288,4.844,9937.581
159.755,2.172,2.698,21.237,4.811,10552.299
155.951,1.323,2.697,15.263,5.04,17604.727
156.608,1.797,2.706,18.427,4.749,7299.567
156.944,1.112,2.691,11.55,4.875,16826.672
156.192,1.289,2.697,10.644,4.761,13751.433
153.686,1.538,2.721,10.754,4.992,15281.714
155.706,0.862,2.689,9.46,5.107,7276.457
156.165,2.014,2.726,22.102,5.132,13367.586
156.796,1.584,2.687,14.098,4.984,5266.159
155.445,1.48,2.744,11.132,5.051,6071.61
160.324,1.769,2.712,9.163,4.871,5593.215
160.422,2.475,2.734,14.92,4.828,6680.14
156.32,0.62,2.725,11.36,5.102,5866.201
155.535,0.937,2.715,9.362,4.765,6788.429
157.551,0.88,2.735,17.726,4.947,19658.68
160.155,0.568,2.765,16.547,4.875,11592.157
161.257,1.258,2.715,13.132,5.116,5172.229
158.872,1.286,2.734,13.299,4.788,5261.743
155.252,0.599,2.72,14.138,5.258,11811.332
156.599,1.319,2.689,13.732,4.638,10430.665
159.029,2.225,2.724,13.439,4.934,4778.756
158.307,2.176,2.661,20.072,4.834,12209.172
156.528,1.008,2.659,15.937,4.781,12729.913
161.322,2.662,2.732,19.358,4.808,7212.408
156.261,0.929,2.69,12.801,4.861,20278.838
154.952,1.064,2.693,12.028,4.874,19898.279
159.474,1.994,2.681,19.098,5.137,5414.592
156.577,0.518,2.711,17.391,4.932,21242.09
161.447,0.669,2.708,12.226,5.015,20978.672
161.485,2.947,2.724,14.47,5.123,14993.941
157.274,2.732,2.705,11.027,4.714,14199.51
160.857,1.264,2.696,17.562,4.941,23164.805
159.177,1.806,2.723,22.233,4.793,19957.129
157.396,2.886,2.691,20.035,4.724,8789.51
161.519,3.274,2.735,16.446,4.852,10340.313
152.105,1.103,2.744,11.702,4.79,7108.304
157.699,2.288,2.659,16.893,4.819,6030.848
154.852,1.05,2.717,19.229,4.923,23099.66
155.917,2.314,2.713,23.888,4.882,19262.875
156.583,1.234,2.74,11.564,5.345,14254.839
158.759,1.011,2.747,12.456,4.852,23246.26
159.033,2.847,2.718,19.394,5.025,4742.837
159.11,1.401,2.735,13.518,4.789,4118.392
161.321,2.708,2.736,20.262,4.789,5775.586
154.417,1.01,2.699,10.324,4.674,5735.837
159.378,1.087,2.698,14.835,4.737,4247.097
156.73,1.549,2.679,17.886,5.086,24472.785
160.67,2.617,2.705,23.581,4.706,14775.234
155.203,2.324,2.734,15.331,5.076,4187.396
154.069,2.012,2.736,14.586,5.015,24309.439
153.73,2.93,2.714,17.055,4.822,18303.578
162.477,3.505,2.726,15.912,4.806,10640.65
155.718,0.819,2.686,15.529,4.796,24053.449
158.447,2.071,2.711,14.186,4.834,3621.358
158.244,3.492,2.694,21.27,5.041,6298.123
155.035,0.998,2.741,8.54,4.953,4018.563
158.161,1.435,2.734,10.219,5.434,13226.297
158.896,1.674,2.696,19.179,4.861,3517.056
159.694,1.302,2.653,15.285,5.347,7500.676
159.656,3.046,2.72,19.624,4.966,4277.878
155.936,1.708,2.781,12.216,5.01,4657.064
154.271,1.814,2.751,12.446,5.043,25533.896
157.072,2.335,2.692,13.996,4.843,3602.071
154.626,1.44,2.684,11.993,4.917,27903.969
159.234,1.3,2.744,13.925,5.081,3343.689
154.305,0.514,2.74,9.262,4.899,4002.576
157.626,0.533,2.729,10.366,5.094,3492.302
155.631,1.691,2.728,21.316,5.04,29360.992
157.898,-0.631,2.733,12.982,5.262,6423.3
156.02,1.512,2.724,14.934,5.103,3145.909
162.448,-0.429,2.749,16.666,4.831,18263.605
161.775,1.732,2.691,11.677,4.825,3402.769
159.189,1.646,2.736,13.354,4.798,31056.34
158.742,1.366,2.716,24.256,5.039,3295.447
151.487,0.131,2.781,13.245,4.911,7979.651
155.943,0.129,2.731,17.35,4.812,27226.855
157.863,0.929,2.702,14.987,4.748,31027.902
158.391,0.665,2.734,19.269,4.782,29896.451
155.033,0.209,2.706,14.418,4.878,3352.865
157.019,0.542,2.692,10.374,5.244,27310.225
158.731,0.977,2.692,12.396,5.136,33239.238
158.164,2.863,2.75,12.817,4.867,3528.856
157.493,0.439,2.728,8.993,5.102,3163.634
157.349,1.639,2.727,15.102,4.802,2848.722
159.988,1.094,2.692,24.515,4.781,29306.281
160.241,2.417,2.692,17.889,5.117,3072.438
158.401,0.534,2.72,15.199,4.902,35768.387
157.708,0.556,2.739,7.935,4.925,3036.206
162.106,0.467,2.73,15.942,4.851,32612.404
157.541,1.082,2.718,11.447,4.923,2613.621
157.271,0.88,2.696,14.894,5.578,9917.236
156.352,1.2,2.718,13.652,4.722,2879.832
154.405,1.282,2.726,13.163,4.779,34627.727
156.348,0.329,2.731,12.698,5.008,2780.536
164.352,2.627,2.712,18.982,5.106,3382.091
156.687,1.384,2.702,15.191,5.078,39870.016
157.119,1.168,2.738,18.536,4.921,2549.064
158.777,0.996,2.694,12.428,5.088,39464.957
154.168,0.556,2.759,11.51,5.51,10701.111
156.875,1.144,2.736,18.562,4.908,2499.381
158.06,2.764,2.751,12.456,4.819,2993.966
156.181,1.676,2.725,22.158,5.257,33563.613
156.433,1.912,2.71,10.625,4.942,40953.164
154.162,1.709,2.731,13.577,4.9,39132.754
162.961,4.495,2.697,20.764,4.975,8843.501
153.875,1.186,2.738,12.605,4.768,35850.879
155.776,0.961,2.712,10.191,4.992,41160.926
156.28,1.271,2.707,20.62,4.947,41645.012
158.669,0.418,2.709,16.848,4.951,41248.457
159.599,0.574,2.699,13.644,4.877,41070.859
160.016,0.952,2.718,10.501,4.934,42471.16
158.549,0.385,2.71,16.464,4.896,41251.387
157.357,0.908,2.699,10.057,5.117,41168.73
153.678,1.353,2.707,14.581,4.903,41239.754
156.494,0.812,2.715,11.719,5.114,42016.211
158.905,1.711,2.731,10.775,4.828,42550.535
155.8,2.177,2.713,7.657,4.753,2663.751
161.794,2.053,2.709,11.788,5.019,42554.746
159.095,0.803,2.705,8.187,5.063,42394.652
160.878,2.392,2.711,11.877,5.019,42539.75
161.537,0.25,2.706,12.653,4.863,40055.91
156.252,3.419,2.697,21.239,5.277,3652.176
154.551,0.251,2.719,13.209,5.013,40850.309
156.528,0.578,2.721,15.288,4.739,40918.547
161.145,0.432,2.693,20.405,5.043,41061.695
154.889,0.731,2.699,9.107,5.117,41228.078
161.098,4.365,2.709,22.143,4.885,4655.591
161.182,1.263,2.74,10.71,4.962,2220.655
161.783,0.395,2.703,18.278,5.081,42273.688
158.671,0.213,2.737,15.386,4.844,42586.258
154.221,2.663,2.729,13.145,4.897,41360.254
157.338,1.332,2.759,7.741,5.047,42273.563
151.65,1.977,2.757,15.91,5.059,2670.976
162.826,0.138,2.718,14.766,4.979,42099.461
162.966,0.12,2.72,14.949,5.005,42006.391
163.898,1.302,2.724,9.014,4.844,2345.73
160.222,1.747,2.655,13.625,5.022,2296.292
158.668,-0.092,2.72,22.255,5.085,41544.676
153.059,0.994,2.719,9.251,4.74,41407.121
155.906,0.531,2.686,12.381,4.655,40219.344
157.913,-0.147,2.752,13.172,5.016,42906.363
153.594,0.918,2.737,13.046,5.534,3803.365
160.922,0.29,2.654,15.383,4.97,42387.316
151.905,0.549,2.719,9.945,4.722,40000.0
158.315,-1.608,2.718,15.432,4.836,29263.615
154.219,0.596,2.744,13.127,5.595,4305.186
166.683,3.398,2.682,12.172,5.346,4163.984
155.801,1.501,2.74,14.494,4.796,1835.281
160.436,0.99,2.666,14.431,4.637,2191.299
157.465,0.438,2.727,12.595,5.133,55796.898
158.717,1.634,2.691,10.237,5.353,2013.699
159.663,4.928,2.715,12.156,4.944,29236.805
159.512,-1.142,2.704,15.868,5.174,42176.789
160.161,-1.275,2.704,18.179,5.12,41762.141
157.273,2.667,2.743,18.751,5.109,1694.247
162.203,0.802,2.708,14.034,4.929,1530.208
156.503,3.46,2.7,17.414,4.715,51590.09
156.208,0.831,2.694,9.004,4.909,1471.681
159.054,1.212,2.719,18.846,5.094,72452.219
157.799,-2.014,2.74,11.823,4.889,37684.75
157.215,-1.589,2.687,12.828,5.236,42833.711
161.1,5.059,2.714,16.12,4.797,37021.926
154.895,1.567,2.701,11.09,5.143,1277.26
156.926,4.334,2.754,23.337,4.809,2041.196
160.193,1.748,2.695,10.642,5.292,1274.063
175.887,2.97,2.775,16.208,4.906,20956.91
161.273,0.069,2.689,10.94,5.083,1167.834
154.975,0.496,2.703,21.696,4.754,87728.547
177.661,2.614,2.671,24.559,5.221,16421.104
155.853,0.704,2.7,14.397,5.078,106379.086
161.192,3.453,2.74,18.217,4.861,1069.978
163.909,3.485,2.684,16.2,5.037,1043.988
162.429,1.857,2.723,11.7,4.971,774.582
158.092,2.418,2.712,14.8,4.857,734.609
156.233,2.595,2.701,12.385,4.782,720.202
156.872,3.311,2.698,14.516,4.817,693.819
153.541,1.766,2.779,18.353,4.872,629.849
158.76,6.883,2.717,18.519,4.716,1447.049
157.347,3.47,2.72,17.852,4.877,434.274
158.389,8.325,2.711,19.19,4.875,1299.502
165.948,6.828,2.673,23.648,4.659,559.856
156.509,2.289,2.707,12.881,4.774,98.499
166.41,6.465,2.678,11.555,4.629,117.384
157.809,3.819,2.74,20.287,4.194,3715.812
158.96,4.613,2.75,15.599,4.004,2734.962
157.853,3.207,2.751,11.791,4.209,1692.878
158.019,6.092,2.748,20.245,4.386,3212.356
155.254,0.867,2.742,9.388,4.094,3308.354
154.317,4.069,2.726,13.001,4.122,3830.697
155.744,5.343,2.758,20.607,4.259,2804.049
157.319,2.708,2.757,15.649,4.194,1561.152
160.946,3.21,2.737,8.003,4.529,2810.024
155.001,2.917,2.751,23.177,4.168,6455.067
160.282,1.848,2.733,14.375,4.451,5312.632
155.29,3.42,2.747,22.111,4.529,4133.492
161.664,3.785,2.762,13.085,4.313,2037.003
155.882,1.948,2.756,21.175,4.056,5777.378
157.2,0.978,2.761,9.871,4.29,2925.015
152.134,3.129,2.737,24.247,4.414,5259.249
159.226,2.071,2.753,16.572,4.375,7468.676
159.889,4.899,2.743,16.289,3.8,1399.044
155.184,2.524,2.719,11.399,4.32,4819.411
160.395,3.851,2.744,19.557,4.2,773.198
160.662,5.45,2.74,17.037,3.804,1325.341
156.214,1.297,2.72,9.976,4.414,3798.63
161.236,3.212,2.74,17.939,4.568,6920.184
160.175,4.114,2.712,21.471,4.288,2903.957
163.029,2.164,2.727,13.277,4.58,3216.261
166.068,3.882,2.725,15.418,4.411,1699.872
162.506,3.161,2.745,8.675,4.669,3377.344
153.334,0.935,2.739,12.095,4.561,4827.629
158.027,1.078,2.718,12.616,4.483,2443.593
154.327,2.788,2.766,18.066,4.085,5859.836
155.86,0.551,2.733,15.854,4.36,9259.901
159.236,4.398,2.727,17.723,3.907,874.369
161.057,1.343,2.746,22.819,4.259,11466.806
161.985,3.015,2.718,18.378,3.925,6478.812
155.728,1.676,2.742,13.066,4.299,12472.151
157.712,0.154,2.756,14.064,4.581,4574.909
157.455,1.414,2.772,11.566,4.138,2058.543
157.573,1.143,2.722,24.591,4.429,7706.596
156.975,2.601,2.732,18.533,4.698,5913.215
154.522,1.576,2.749,10.219,4.65,5786.006
154.842,1.224,2.73,18.373,4.639,5862.839
156.839,1.946,2.748,10.647,4.765,2475.285
150.172,2.812,2.76,11.597,4.221,7605.268
156.116,0.437,2.713,13.39,4.415,1900.009
156.897,2.973,2.736,10.626,3.919,618.665
159.947,2.075,2.739,10.208,4.697,7480.536
157.108,3.767,2.776,15.203,4.294,1719.331
155.68,0.981,2.737,13.446,3.596,2822.572
164.437,4.143,2.728,23.473,3.64,2684.356
158.029,3.736,2.746,15.206,4.424,532.721
153.539,1.484,2.756,17.269,4.526,9028.414
154.831,1.134,2.772,10.399,4.276,5958.4
156.051,4.21,2.768,17.791,4.338,10124.885
155.359,2.14,2.776,17.74,4.268,5377.472
154.472,5.365,2.767,13.35,3.731,2055.21
155.292,0.824,2.732,11.635,4.616,888.225
158.726,4.002,2.747,13.864,4.571,14202.585
152.174,2.036,2.709,15.32,4.378,5272.96
154.535,3.184,2.75,17.146,4.58,659.677
151.133,2.174,2.771,13.594,4.499,2449.445
152.052,4.524,2.753,16.205,4.31,15461.012
154.797,2.573,2.774,16.534,4.259,990.056
156.746,1.186,2.718,11.886,4.58,951.785
155.221,1.87,2.725,11.075,4.252,16846.641
153.888,4.798,2.758,13.825,4.498,13512.876
169.126,0.835,2.736,21.471,4.668,3424.302
152.794,4.999,2.71,23.87,4.587,4463.389
154.684,2.761,2.778,13.01,3.845,2789.844
168.711,4.786,2.71,21.506,4.411,2238.342
155.261,3.314,2.771,18.579,4.45,10495.044
150.709,6.701,2.737,17.906,3.559,3882.779
163.413,5.538,2.746,15.323,3.549,1109.794
157.206,-0.505,2.726,10.114,3.596,5439.743
157.829,8.349,2.753,17.354,4.001,503.182
161.866,4.985,2.769,18.233,4.44,651.048
159.357,3.246,2.763,21.893,4.186,19500.516
158.508,6.619,2.747,15.449,3.565,843.686
165.681,2.027,2.718,20.853,3.595,3840.489
171.201,0.911,2.764,17.11,4.348,5941.681
156.732,1.88,2.758,13.114,4.62,15095.779
159.944,5.507,2.701,20.669,4.51,1374.493
161.146,3.423,2.728,24.091,4.632,500.71
161.424,1.852,2.713,12.305,4.675,9166.003
159.764,3.469,2.768,16.819,4.134,19356.686
158.149,0.371,2.744,10.935,4.756,12785.008
161.075,5.417,2.776,17.112,3.954,700.609
159.939,1.149,2.748,18.954,4.372,25291.949
170.572,3.907,2.773,13.298,4.021,1308.993
152.951,1.391,2.719,10.01,4.64,12239.669
157.887,2.439,2.778,24.185,4.256,13105.855
156.592,1.149,2.696,15.615,4.363,5966.273
159.893,2.624,2.742,16.148,4.408,29213.063
163.32,7.223,2.736,23.623,3.642,590.117
156.547,0.535,2.697,15.823,4.532,2522.959
156.044,0.376,2.743,14.152,4.215,28593.133
164.128,0.765,2.755,15.178,3.947,22292.494
154.832,1.809,2.762,9.99,4.207,24661.016
158.956,2.644,2.695,19.29,4.503,6098.249
157.449,3.62,2.742,12.238,4.014,251.853
157.969,3.404,2.782,8.979,4.212,13507.035
158.239,3.212,2.775,8.621,4.797,7043.9
154.537,0.47,2.727,7.253,4.479,23324.176
155.31,1.191,2.751,12.477,4.154,31573.189
152.754,9.391,2.74,19.61,3.802,469.01
158.778,3.129,2.76,14.469,4.484,27840.932
155.379,2.41,2.726,14.583,4.621,24248.926
159.851,0.846,2.723,15.328,4.584,23305.953
153.272,8.97,2.749,16.282,3.774,433.231
156.67,0.936,2.713,10.024,4.495,20714.707
154.128,0.744,2.768,11.96,4.09,23545.441
156.96,0.681,2.719,11.367,4.452,26144.311
156.017,2.444,2.761,20.128,4.616,24617.871
153.517,8.557,2.702,19.218,3.863,868.728
149.658,5.294,2.725,16.144,3.356,2053.454
155.6,-0.097,2.694,9.238,4.514,6003.863
156.427,0.358,2.717,12.947,4.554,23597.32
156.509,1.141,2.69,14.586,4.344,7966.757
152.074,0.968,2.743,16.416,3.848,30908.432
158.934,2.648,2.797,8.979,4.01,2061.87
170.219,1.585,2.786,21.817,4.047,1529.516
157.02,1.432,2.708,14.173,3.511,817.628
155.774,7.309,2.76,14.475,4.208,232.986
165.659,1.716,2.767,8.979,4.777,14677.493
150.729,7.374,2.783,24.517,4.103,658.517
157.276,2.55,2.786,16.017,4.586,12664.144
158.235,0.437,2.74,15.302,4.748,28244.057
155.578,0.231,2.731,12.699,4.273,42019.387
157.037,1.379,2.732,10.544,4.571,38292.641
154.703,4.014,2.764,21.159,4.253,209.921
154.0,6.124,2.687,20.129,4.543,1630.128
158.478,6.519,2.785,23.66,4.008,455.101
155.466,0.843,2.706,13.867,4.674,18455.59
153.146,1.479,2.758,19.382,4.117,42398.359
153.068,2.475,2.794,15.504,4.414,9338.314
154.915,1.236,2.709,13.112,4.3,32697.238
157.111,0.895,2.721,17.809,4.592,35567.715
156.28,0.813,2.688,14.987,3.859,9057.929
155.458,1.729,2.783,12.101,4.855,8696.42
151.081,1.386,2.79,14.645,4.591,8510.5
163.57,7.1,2.748,24.859,4.737,265.836
156.322,1.534,2.726,18.423,4.612,41355.809
156.148,4.676,2.798,18.497,4.032,10516.511
156.209,1.318,2.762,12.98,4.455,44470.527
164.738,6.372,2.712,11.978,4.162,217.394
159.791,6.904,2.772,23.705,3.797,266.101
153.075,7.589,2.76,11.131,3.676,266.329
156.708,7.254,2.775,20.584,3.906,255.116
159.276,3.797,2.759,15.613,4.422,150.704
160.471,0.856,2.684,14.03,4.342,11826.885
171.153,5.659,2.773,21.059,3.955,343.904
157.087,0.608,2.726,13.567,4.698,41813.926
160.023,0.939,2.678,13.723,3.931,5393.195
153.221,0.636,2.768,8.201,4.449,41854.172
160.387,9.989,2.754,16.814,4.078,168.417
151.976,0.258,2.72,11.913,4.615,40000.0
155.32,1.719,2.712,9.851,4.612,41651.105
160.648,7.765,2.734,12.785,3.531,215.011
156.858,3.326,2.706,19.065,4.226,51569.867
161.891,8.802,2.693,21.442,3.861,418.003
156.316,1.351,2.706,14.057,4.643,38102.594
154.558,2.125,2.704,11.386,4.622,37564.48
158.471,8.371,2.795,17.721,4.185,395.153
152.23,3.071,2.81,19.639,4.223,5034.221
158.651,0.049,2.709,13.49,4.684,41522.301
156.851,1.093,2.786,12.268,4.275,41208.832
151.445,2.769,2.784,10.844,4.248,42241.0
158.887,9.608,2.717,11.868,3.4,316.594
164.504,10.505,2.694,21.478,3.976,341.125
150.319,3.772,2.797,12.534,4.261,25258.58
163.191,4.957,2.737,20.696,3.612,115.655
158.392,4.126,2.794,11.621,4.296,42093.594
156.252,8.639,2.686,13.602,3.932,281.312
156.786,10.183,2.799,17.244,4.248,346.078
157.993,12.106,2.721,12.247,3.485,226.711
158.939,6.553,2.808,14.908,4.913,1682.104
149.238,2.868,2.803,13.715,4.695,515.449
154.412,8.118,2.78,24.809,3.988,73779.516
162.029,11.527,2.732,12.541,3.493,146.3
160.482,2.017,2.804,18.321,4.922,16321.237
158.955,12.453,2.761,19.082,3.741,110.494
160.135,1.13,2.665,21.575,4.359,19877.438
165.831,9.919,2.703,12.182,3.292,256.353
165.797,8.267,2.761,23.791,4.023,56.903
149.187,0.453,2.819,11.744,4.347,16757.602
165.002,3.264,2.674,22.467,4.321,146.68
170.123,10.282,2.671,16.989,3.823,369.82
163.051,3.701,2.662,12.321,4.29,212.837
163.131,9.096,2.685,12.204,3.513,125.33
168.745,8.845,2.701,14.126,3.771,60.563
158.811,14.83,2.686,14.453,3.728,140.808
167.102,11.817,2.816,20.459,4.242,189.576
161.141,10.952,2.672,14.896,3.502,139.999
173.455,8.941,2.662,17.994,3.491,321.158
171.958,8.439,2.647,18.166,3.741,434.417
178.18,11.579,2.696,23.757,3.304,110.991
195.417,3.924,2.773,24.152,4.721,297.966
174.488,15.01,2.689,11.355,3.571,64.718
170.269,12.979,2.658,16.047,3.776,74.463
176.321,7.639,2.851,19.026,4.325,41358.176
178.657,12.391,2.675,16.082,3.42,23.756
173.393,8.213,2.745,55.234,4.057,611.242
155.999,7.141,2.746,55.687,4.162,623.656
166.091,7.102,2.745,57.828,3.93,241.685
167.954,7.02,2.747,45.185,4.12,226.714
163.63,9.37,2.74,51.961,4.063,151.635
166.234,6.846,2.723,59.911,4.045,690.223
153.019,7.706,2.748,47.595,4.214,901.625
159.841,6.877,2.743,41.175,4.082,646.184
162.643,7.907,2.756,41.472,4.012,417.225
168.308,7.868,2.771,46.927,4.169,518.415
161.147,9.682,2.756,45.4,3.857,360.719
166.699,9.231,2.746,55.912,3.683,624.791
172.085,6.988,2.763,41.522,4.247,715.84
166.47,14.046,2.741,56.596,4.366,206.456
167.904,5.912,2.771,46.664,3.977,673.094
160.22,11.476,2.761,42.778,4.16,263.157
165.419,7.172,2.778,52.34,4.037,515.733
168.113,5.373,2.762,44.995,4.208,1773.043
175.887,8.487,2.777,47.765,4.081,447.382
159.275,9.52,2.72,51.698,3.806,693.096
168.186,3.222,2.73,56.999,4.321,1923.709
167.893,9.384,2.768,66.681,3.942,287.173
172.301,4.149,2.713,54.67,4.294,773.478
166.826,6.383,2.777,45.791,4.001,511.59
169.385,9.686,2.776,60.983,3.891,367.579
156.521,3.973,2.733,39.922,4.047,876.343
170.591,5.129,2.75,37.705,4.054,1539.367
175.813,8.03,2.761,59.106,3.691,207.279
159.593,5.904,2.775,43.751,4.247,474.903
175.133,3.13,2.76,58.533,4.569,594.826
172.464,11.644,2.738,46.915,3.936,81.4
160.186,7.723,2.761,35.875,4.002,343.545
158.364,2.911,2.726,58.478,4.525,618.546
169.126,12.537,2.752,46.972,4.425,98.666
172.379,8.008,2.785,54.799,4.18,260.928
156.595,6.714,2.752,41.012,3.706,645.113
158.31,4.314,2.764,67.322,3.875,983.843
160.91,3.3,2.757,38.113,4.198,1355.201
157.817,9.028,2.768,44.282,3.744,300.75
165.328,11.187,2.773,42.869,3.882,222.286
163.163,8.016,2.782,42.672,4.172,368.515
161.198,7.968,2.771,36.469,3.994,467.513
163.919,9.493,2.742,39.785,3.621,387.324
159.83,6.554,2.759,33.876,4.335,352.254
153.392,7.573,2.75,36.69,3.787,650.65
158.18,9.058,2.77,40.618,3.77,495.035
172.73,16.46,2.749,56.378,4.349,104.993
169.063,9.817,2.702,63.343,4.104,299.873
164.236,10.022,2.763,73.41,4.229,150.673
157.431,5.946,2.756,76.157,3.97,653.258
159.232,9.583,2.737,35.814,3.705,537.579
160.592,3.715,2.737,32.494,4.16,1034.089
166.742,10.145,2.739,33.154,3.959,136.406
157.828,5.558,2.71,69.242,4.19,299.201
163.269,3.464,2.744,48.666,4.632,2324.853
158.418,7.034,2.751,29.25,4.163,466.041
166.27,8.011,2.792,53.143,3.951,381.098
165.326,11.042,2.781,58.332,3.868,126.796
159.668,4.915,2.745,32.417,4.274,1685.81
164.243,1.527,2.725,37.522,4.433,711.096
152.382,8.546,2.768,38.587,3.788,257.556
152.997,6.403,2.761,31.539,4.086,342.484
173.754,11.702,2.788,63.251,3.979,269.164
169.151,11.766,2.73,79.128,3.957,460.189
153.445,5.292,2.749,39.027,3.704,1726.698
172.21,4.839,2.723,47.924,3.503,934.222
160.551,9.379,2.754,33.25,4.5,1552.538
161.0,6.844,2.753,28.622,4.104,1371.243
160.132,7.909,2.77,30.447,4.095,844.654
181.85,7.608,2.712,49.514,4.486,91.0
163.523,13.228,2.769,31.639,4.077,340.068
172.907,7.512,2.79,39.995,4.102,268.848
162.523,9.655,2.726,46.001,3.442,304.449
153.967,5.658,2.774,32.752,4.158,681.746
163.689,3.541,2.71,45.854,4.585,1316.785
160.876,11.16,2.795,61.933,4.189,351.916
177.579,13.806,2.74,36.835,3.748,112.158
152.158,5.835,2.765,31.987,4.298,1346.611
163.958,1.548,2.737,56.088,4.594,4051.841
161.477,6.653,2.76,57.968,4.661,4462.744
173.108,8.025,2.724,67.159,3.497,177.249
154.751,9.34,2.793,43.812,4.311,673.096
152.744,6.806,2.766,29.707,3.936,850.894
155.1,6.729,2.785,50.236,4.628,1024.596
153.517,4.385,2.738,29.111,3.904,1251.868
156.607,5.094,2.754,30.507,4.569,809.732
169.602,10.369,2.797,57.536,4.397,210.542
162.362,4.316,2.714,41.62,4.689,1271.204
178.102,9.267,2.72,70.056,3.656,98.587
153.508,4.159,2.765,74.262,3.799,1859.439
152.072,6.534,2.785,34.799,4.007,460.066
162.449,10.802,2.794,65.37,4.347,184.114
166.723,13.215,2.714,35.553,3.748,165.064
165.589,3.8,2.765,28.035,4.259,1676.913
167.531,11.957,2.751,84.231,3.862,527.865
148.419,9.635,2.755,28.507,3.778,527.168
153.425,7.57,2.772,27.554,4.287,655.465
160.266,2.981,2.703,33.352,4.112,684.735
180.643,9.209,2.789,70.449,4.407,167.014
160.481,11.249,2.765,28.409,3.806,176.226
155.43,3.784,2.778,29.509,4.102,662.435
150.449,7.285,2.715,32.829,3.76,1288.424
155.934,6.673,2.734,44.07,4.004,11661.8
153.352,7.76,2.8,43.964,4.121,1021.213
161.64,3.494,2.695,46.602,4.59,741.736
162.642,6.865,2.788,33.165,4.42,240.228
158.891,6.916,2.789,32.413,4.16,1325.065
160.249,8.132,2.781,26.729,4.006,528.25
155.738,6.842,2.776,25.847,4.0,470.45
159.978,4.143,2.746,29.187,3.539,408.752
164.372,5.391,2.797,54.118,4.24,3903.691
151.71,4.347,2.748,28.67,4.064,3794.59
170.965,8.171,2.685,51.86,4.568,599.694
174.39,10.791,2.765,79.175,4.691,1313.543
165.467,5.446,2.721,34.613,4.796,1606.923
162.275,4.963,2.799,41.855,4.394,1629.329
166.237,2.219,2.716,52.751,4.957,709.471
153.401,4.833,2.744,28.178,3.582,220.968
156.702,4.332,2.764,26.822,4.075,3346.079
160.262,6.629,2.708,28.938,4.499,1537.074
165.913,1.858,2.73,34.797,4.338,7829.328
175.827,8.588,2.764,85.028,3.742,173.197
171.323,5.833,2.695,39.097,4.657,193.67
181.671,17.121,2.706,66.002,4.112,59.742
161.149,8.212,2.712,35.503,4.774,2335.316
170.05,5.471,2.686,54.78,4.712,609.49
155.962,8.179,2.756,36.095,4.938,1884.448
178.409,11.527,2.73,87.103,3.838,1786.743
163.355,3.53,2.73,34.13,4.626,6467.433
164.725,11.708,2.763,27.681,3.802,50.258
177.058,13.973,2.704,57.083,3.332,818.516
153.028,5.653,2.794,32.898,4.22,2378.833
168.474,2.998,2.714,31.708,3.541,2217.152
163.128,2.494,2.705,36.929,4.698,2651.989
192.533,10.185,2.748,85.0,4.359,77.699
170.655,4.123,2.777,27.191,4.67,1572.672
180.059,3.541,2.698,29.394,4.558,689.438
172.032,6.868,2.676,69.406,4.372,408.684
157.911,3.985,2.778,26.753,3.982,4279.245
172.773,8.431,2.725,35.935,5.045,144.853
163.135,5.277,2.711,43.692,4.05,19419.195
161.4,9.614,2.71,35.328,3.389,94.667
170.216,4.101,2.805,30.2,4.041,296.123
168.705,3.079,2.72,31.113,4.9,1975.922
175.076,8.776,2.699,77.794,4.764,165.645
161.595,3.127,2.781,34.939,4.856,2346.158
185.57,10.935,2.74,92.469,4.467,199.817
162.492,4.538,2.733,29.523,5.05,797.878
160.168,4.064,2.7,33.029,4.772,2373.081
178.476,13.969,2.801,75.621,4.082,73.682
194.149,14.022,2.698,40.441,3.526,116.85
177.374,15.491,2.706,25.961,3.691,113.143
180.578,13.316,2.758,91.815,3.67,208.843
176.269,10.058,2.672,48.141,4.24,56.852
186.77,10.558,2.693,67.779,3.553,48.487
166.139,0.821,2.721,32.046,4.892,4299.573
163.052,3.772,2.713,34.02,5.096,1385.688
159.362,1.826,2.715,30.016,4.945,2306.356
164.651,11.741,2.711,94.102,4.536,720.936
188.996,13.895,2.782,90.163,4.014,126.323
155.267,6.002,2.674,29.785,4.115,1599.611
157.383,6.76,2.708,86.894,3.395,267.856
171.459,15.538,2.813,69.81,4.212,54.561
182.863,7.394,2.721,95.892,4.376,83.197
179.764,15.577,2.753,95.241,3.679,166.336
223.661,14.769,2.74,71.497,3.57,161.514
156.587,3.379,2.819,37.003,4.123,3936.533
163.338,1.267,2.744,25.331,4.63,16531.139
170.219,8.844,2.766,102.34,3.88,273.38
158.97,3.286,2.809,35.429,4.409,9363.439
160.074,5.017,2.728,25.666,4.812,14926.533
160.304,5.649,2.715,32.292,4.775,23729.285
167.463,5.253,2.712,34.252,5.134,7770.66
166.426,2.699,2.693,42.981,4.709,23535.717
202.16,18.64,2.692,53.253,3.632,29.318
162.97,2.531,2.696,34.658,4.756,18777.912
212.508,17.118,2.69,56.382,3.491,69.669
159.099,2.165,2.7,28.446,4.723,17942.109
183.501,11.211,2.789,103.041,4.231,1213.049
180.174,17.865,2.677,81.219,3.4,422.848
160.338,2.239,2.711,25.594,4.967,14843.266
156.82,2.137,2.748,29.475,5.052,25244.604
174.703,7.037,2.67,71.374,3.142,94.504
163.421,11.66,2.647,68.002,3.791,57.17
189.246,7.583,2.637,57.017,4.049,135.041
196.868,11.84,2.739,103.636,3.602,43.37
161.372,0.644,2.706,25.605,5.255,8098.727
162.656,4.698,2.82,26.447,4.796,13035.171
186.469,13.973,2.643,29.005,3.895,92.919
172.8,12.443,2.763,116.905,3.729,221.245
175.679,24.257,2.808,95.896,4.365,62.314
169.686,12.775,2.848,84.282,4.777,113.279
179.219,17.893,2.743,118.75,3.709,74.883
177.456,11.811,2.719,119.57,3.311,130.348
212.619,11.536,2.723,123.072,3.61,590.459
202.103,15.396,2.637,104.478,3.803,1274.342
209.77,17.292,2.739,131.8,3.985,39.911
184.536,4.94,2.72,145.903,4.666,99.066
189.884,28.71,2.73,162.433,3.817,113.887
296.124,38.201,2.778,244.473,4.914,21.088
153.836,6.833,2.848,16.893,3.068,969.453
153.505,5.991,2.847,24.926,3.066,1033.442
148.58,6.542,2.853,16.619,3.034,1174.659
153.72,6.397,2.843,22.238,3.115,871.457
152.354,6.179,2.855,24.87,3.062,1542.555
149.587,7.944,2.847,22.477,3.056,689.359
150.284,4.903,2.851,22.999,2.923,1722.57
154.006,6.856,2.851,22.837,2.804,1239.293
151.028,8.528,2.848,15.298,3.129,686.924
153.701,5.344,2.841,24.765,3.145,1531.877
152.253,9.384,2.852,16.156,3.142,842.05
152.124,8.3,2.834,14.895,3.009,1665.827
153.534,5.765,2.842,23.993,3.135,1999.296
148.339,5.343,2.847,16.075,2.861,1939.523
154.633,7.482,2.831,16.729,3.0,938.515
152.776,4.578,2.832,18.438,3.021,943.819
148.132,5.53,2.842,18.434,2.959,2367.051
159.197,6.505,2.854,16.657,3.105,938.181
152.178,8.082,2.835,15.171,3.143,693.91
154.262,7.221,2.849,20.862,3.083,471.936
151.878,8.857,2.849,24.458,2.816,642.579
147.911,5.788,2.861,23.747,3.022,1695.862
154.386,7.702,2.851,14.01,3.228,1955.894
155.371,7.349,2.842,22.739,3.256,874.009
154.885,5.838,2.839,15.579,3.021,477.057
155.611,7.531,2.85,19.574,3.27,827.47
151.14,4.503,2.843,18.526,3.27,922.419
147.746,6.446,2.837,11.267,3.153,2033.153
156.395,6.07,2.838,21.767,3.201,1901.391
156.599,8.456,2.856,17.137,2.758,1052.67
145.437,5.118,2.836,16.741,3.128,1511.14
146.812,7.234,2.833,23.811,3.161,924.397
151.833,6.962,2.848,21.995,3.247,2479.743
154.845,4.449,2.852,19.741,3.203,2313.318
153.12,6.31,2.836,21.583,3.035,423.771
148.157,3.682,2.846,23.067,3.238,829.441
152.248,6.569,2.827,15.323,3.139,1667.974
152.833,6.47,2.827,24.228,3.043,680.058
154.009,6.48,2.826,17.543,3.099,1678.876
150.116,10.682,2.833,23.411,3.041,1797.433
151.042,8.509,2.845,24.411,2.91,389.171
153.093,2.687,2.842,16.678,3.249,961.08
148.143,4.659,2.838,24.03,3.244,728.793
152.246,8.376,2.861,8.503,3.201,636.353
152.992,7.32,2.84,21.34,2.886,371.688
149.185,4.425,2.841,23.184,3.224,2419.625
154.67,5.409,2.864,14.506,3.076,522.228
155.067,5.088,2.848,13.096,3.213,452.171
152.722,6.864,2.823,15.289,3.117,1086.675
144.587,4.913,2.856,13.29,3.167,1946.599
151.572,5.772,2.835,12.937,3.198,466.717
155.052,6.429,2.855,19.421,3.351,840.926
148.396,4.332,2.853,12.899,3.321,1489.546
151.034,4.927,2.837,23.665,2.787,463.92
146.974,6.267,2.86,10.46,3.263,1793.353
146.855,9.013,2.84,17.643,2.886,3204.784
158.158,7.402,2.858,24.597,3.305,1077.39
157.337,5.644,2.829,10.988,3.0,525.94
151.996,1.378,2.863,19.551,2.944,1093.561
147.697,10.171,2.826,18.741,3.048,1617.506
156.135,8.03,2.853,17.057,2.709,483.77
159.081,3.468,2.837,11.629,3.235,1441.449
152.089,2.478,2.843,16.651,3.136,3171.963
147.839,6.231,2.873,20.654,2.914,1034.832
155.78,6.857,2.863,19.25,3.247,520.427
150.363,5.992,2.847,18.506,3.248,350.007
149.14,4.545,2.869,15.815,2.982,2465.757
146.751,7.236,2.872,18.299,3.143,1218.731
147.922,6.544,2.873,12.93,3.136,1051.351
149.812,4.953,2.858,13.364,3.362,1916.545
144.89,4.514,2.83,15.606,3.18,2030.202
146.935,3.863,2.854,22.368,3.091,3676.478
150.286,9.349,2.822,22.592,2.964,2092.657
149.006,7.854,2.863,21.014,2.829,3451.105
144.239,4.403,2.853,13.944,3.161,3115.548
162.445,6.568,2.83,17.96,2.821,921.045
146.336,5.415,2.857,20.814,3.149,3815.941
152.169,7.1,2.851,24.794,3.124,261.446
149.03,10.837,2.83,22.199,2.885,2804.874
149.846,7.56,2.848,18.88,3.17,262.357
153.2,5.023,2.871,10.722,2.874,497.771
155.477,7.633,2.835,20.216,2.59,1938.146
150.279,5.077,2.866,16.451,3.345,1983.279
157.654,5.56,2.839,15.645,2.829,294.944
159.696,9.415,2.834,24.66,3.043,370.218
149.482,2.766,2.86,19.105,3.025,4095.629
154.613,6.835,2.818,21.597,2.919,549.854
151.089,4.222,2.831,15.424,2.84,313.237
147.194,3.054,2.83,21.353,2.886,3398.501
148.769,3.388,2.866,21.016,3.092,3638.401
148.576,9.466,2.861,19.516,2.564,1368.981
159.69,8.17,2.843,16.31,3.207,298.742
161.214,9.258,2.836,22.433,3.081,341.609
153.962,5.885,2.835,24.64,2.721,300.84
154.138,7.87,2.868,23.521,2.986,286.261
152.71,6.104,2.818,16.446,3.087,419.819
146.415,4.206,2.836,14.552,3.138,4912.485
156.035,7.951,2.836,24.888,3.172,240.596
152.029,7.676,2.849,15.72,2.89,188.34
154.205,7.03,2.811,13.106,2.971,1373.244
148.689,8.886,2.855,17.021,2.828,220.036
144.839,4.078,2.863,15.204,2.751,3541.98
155.389,6.043,2.818,16.843,3.0,366.333
154.592,8.048,2.816,17.692,3.067,418.284
152.531,8.907,2.837,17.283,2.706,245.941
162.01,9.364,2.834,23.479,3.098,305.601
149.977,6.752,2.821,21.825,2.76,348.56
151.369,1.135,2.875,24.754,3.193,1376.84
160.851,9.655,2.819,21.495,3.079,531.179
146.454,7.957,2.868,17.447,2.815,4843.254
155.555,8.327,2.81,23.232,3.01,691.426
156.016,8.199,2.859,18.73,2.749,214.079
155.654,7.513,2.82,13.522,2.943,272.235
156.197,7.407,2.851,22.854,3.324,216.669
148.819,9.898,2.877,15.744,2.653,1600.064
147.208,3.57,2.81,20.703,2.929,1202.817
157.41,4.807,2.82,20.639,2.802,328.734
149.988,5.55,2.866,19.834,3.111,6898.724
149.005,10.946,2.814,22.669,3.031,2810.761
153.007,2.254,2.831,14.389,3.123,6164.984
155.656,5.555,2.876,16.21,2.649,455.832
151.66,7.364,2.814,14.057,3.052,299.924
150.072,7.971,2.827,22.471,2.783,6530.601
152.874,5.646,2.867,23.285,3.427,318.51
157.218,11.435,2.845,17.802,3.2,190.828
159.253,10.463,2.829,19.366,3.103,216.631
153.853,6.146,2.84,22.937,2.745,153.729
148.641,9.672,2.884,12.743,2.706,1152.747
162.074,10.566,2.833,18.713,3.127,228.311
154.952,12.71,2.829,18.278,3.114,226.899
146.955,6.572,2.823,18.331,3.016,7221.027
144.746,7.926,2.826,16.058,3.005,7280.425
153.537,7.172,2.892,23.696,2.989,991.482
150.725,5.951,2.861,23.868,2.527,246.683
146.488,5.314,2.843,22.704,3.141,10108.969
148.983,5.907,2.884,14.797,2.842,4139.365
149.628,4.071,2.857,17.532,3.118,10588.828
151.063,8.282,2.893,13.577,2.881,1505.5
156.621,7.177,2.811,16.803,3.037,249.853
164.208,10.429,2.838,19.643,3.131,186.853
151.064,6.844,2.886,23.079,2.563,1005.032
144.841,5.754,2.863,21.123,3.03,10176.998
152.469,10.584,2.837,12.511,2.904,115.813
150.374,2.333,2.832,11.647,3.197,9283.369
157.881,5.093,2.805,16.776,2.988,352.326
148.675,5.647,2.882,18.262,2.459,990.589
150.736,2.779,2.844,12.36,2.972,13007.607
143.264,3.327,2.888,19.191,2.928,3017.251
154.408,13.43,2.821,21.731,2.472,691.549
144.906,4.483,2.877,15.484,3.025,8270.805
146.24,4.923,2.872,12.072,3.088,10540.059
148.415,9.647,2.819,14.8,2.704,157.073
154.44,7.37,2.877,8.651,3.456,219.585
153.536,7.537,2.793,18.389,2.896,1006.455
166.097,14.529,2.835,18.326,3.039,232.13
146.439,8.315,2.896,18.268,2.931,387.347
149.414,3.811,2.881,16.914,2.96,9764.991
149.436,4.838,2.894,23.989,3.114,4763.823
150.399,9.432,2.809,12.156,2.768,162.954
155.152,5.81,2.808,12.702,2.985,137.519
163.73,9.077,2.877,24.837,2.858,145.8
144.166,7.824,2.882,14.203,2.518,5407.547
146.732,8.065,2.903,18.63,2.982,535.432
157.408,6.811,2.801,22.891,2.876,183.751
143.363,3.248,2.837,11.731,3.164,17630.887
157.424,7.258,2.802,21.098,2.839,158.76
150.728,6.883,2.807,19.874,2.733,121.044
167.212,11.252,2.833,21.317,3.058,97.602
145.338,8.709,2.844,16.584,3.078,25464.213
156.248,8.889,2.86,16.039,3.048,26516.92
144.805,4.684,2.857,12.847,3.332,21228.568
168.435,10.866,2.839,23.866,3.003,83.948
144.152,7.314,2.9,20.832,3.314,4718.548
152.262,10.862,2.812,12.344,2.825,79.168
145.184,4.713,2.852,13.95,3.184,28495.637
145.513,7.21,2.901,16.261,2.994,7989.731
146.862,8.795,2.861,17.231,2.628,25561.559
158.71,8.67,2.805,19.792,2.681,97.413
166.802,11.983,2.807,23.303,2.963,133.258
166.114,10.283,2.882,12.622,3.482,144.384
151.188,4.688,2.854,14.426,3.029,41564.734
145.207,4.596,2.85,13.418,3.099,39568.699
163.262,11.359,2.81,13.267,3.008,65.876
150.144,2.4,2.896,14.122,3.225,15339.583
152.268,6.023,2.796,18.33,2.798,76.284
147.181,8.595,2.887,16.014,2.8,26514.219
160.243,9.933,2.793,11.777,2.754,104.257
144.39,7.708,2.898,18.111,2.757,17641.094
144.273,7.642,2.89,16.632,2.726,25342.352
144.821,7.586,2.89,15.127,2.64,26217.506
143.193,8.233,2.892,18.833,2.555,22859.604
145.198,8.028,2.895,16.181,2.572,24102.723
143.759,8.108,2.9,13.972,2.686,24278.953
145.175,7.685,2.902,14.805,2.688,27342.277
157.334,5.618,2.765,13.182,2.716,264.454
145.31,8.208,2.908,15.707,2.668,29945.875
144.271,7.441,2.916,16.751,2.702,29117.898
150.478,3.262,2.937,21.772,3.529,4313.183
162.545,10.408,2.751,11.61,2.541,141.396
156.645,3.127,2.947,22.957,3.774,5033.239
154.683,7.383,2.785,15.871,3.412,463.809
150.627,6.903,2.782,13.48,3.433,861.567
148.982,6.498,2.788,15.624,3.326,668.75
153.226,7.412,2.782,24.049,3.378,317.584
153.573,7.661,2.799,18.207,3.316,787.491
150.641,7.448,2.781,15.763,3.253,910.592
156.442,7.743,2.771,13.431,3.466,908.534
162.367,7.716,2.802,22.391,3.423,650.488
159.359,8.126,2.77,18.496,3.464,334.433
151.185,7.276,2.77,20.378,3.477,334.047
147.997,7.063,2.794,21.82,3.579,643.917
151.258,5.824,2.776,23.1,3.368,348.673
155.433,8.014,2.766,12.61,3.404,482.763
162.155,6.395,2.784,11.912,3.223,299.689
160.35,5.247,2.793,12.008,3.474,976.464
148.979,5.101,2.791,21.193,3.42,393.08
147.28,7.124,2.77,24.6,3.379,878.961
155.974,7.557,2.801,21.129,3.366,1995.594
168.137,7.574,2.778,19.356,3.331,158.755
164.404,8.498,2.775,22.283,3.537,240.647
156.991,8.978,2.774,22.86,3.581,582.19
156.493,8.82,2.789,22.552,3.615,281.825
150.488,5.663,2.795,23.999,3.399,1608.491
152.279,6.993,2.81,11.172,3.452,543.015
152.253,4.701,2.792,13.109,3.338,337.698
145.451,7.998,2.805,11.011,3.333,804.187
154.695,7.977,2.77,19.144,3.29,156.698
157.142,7.927,2.796,16.77,3.113,660.477
161.124,10.223,2.791,13.663,3.482,374.82
152.573,8.093,2.781,11.78,3.121,790.526
156.389,8.634,2.765,20.893,3.456,211.423
152.214,7.393,2.771,15.524,3.332,2855.762
157.337,9.677,2.781,12.899,3.347,162.72
165.291,8.865,2.784,10.286,3.243,182.327
156.6,7.747,2.808,22.939,3.604,384.796
151.457,4.895,2.798,15.692,3.248,315.587
159.251,8.03,2.798,13.788,3.15,210.664
148.259,5.196,2.807,21.038,3.442,503.959
154.478,7.449,2.816,14.893,3.392,365.13
156.809,6.192,2.787,15.69,3.079,340.009
153.251,6.256,2.787,19.098,3.652,2457.924
148.299,5.023,2.801,23.432,3.494,275.212
151.939,5.465,2.804,22.444,3.517,1695.282
149.241,4.693,2.794,20.037,3.263,227.326
154.574,8.203,2.784,22.564,3.178,121.318
163.401,8.987,2.778,20.913,3.692,271.905
162.097,5.617,2.792,18.881,3.49,3825.92
155.539,7.716,2.805,16.397,3.117,297.536
156.737,5.077,2.793,18.832,3.7,335.597
152.553,4.926,2.8,21.17,3.246,198.862
157.738,6.573,2.804,22.008,3.656,1847.308
152.871,6.814,2.816,24.6,3.374,1073.814
156.034,4.884,2.777,14.009,3.682,1079.962
161.466,5.942,2.818,14.835,3.439,716.097
156.075,10.267,2.786,14.94,3.207,200.493
153.813,5.688,2.758,11.839,3.364,245.342
154.706,4.302,2.776,22.768,3.608,1058.376
157.65,9.014,2.818,19.274,3.452,442.67
146.307,5.991,2.772,12.54,3.613,2443.655
154.481,5.175,2.759,14.768,3.527,285.125
158.223,4.245,2.769,19.082,3.293,217.635
155.497,3.975,2.783,13.819,3.614,1264.758
155.007,7.265,2.758,11.22,3.542,158.411
156.674,8.715,2.796,19.259,3.147,3123.019
161.129,4.004,2.776,25.0,3.456,192.899
153.719,5.368,2.818,15.061,3.506,483.43
148.34,6.211,2.787,16.655,3.166,3945.06
151.12,6.087,2.812,9.3,3.62,277.42
152.208,9.986,2.809,19.312,3.283,208.527
158.411,6.773,2.818,17.878,3.298,158.135
159.245,7.047,2.795,23.237,3.007,290.987
163.696,10.878,2.77,15.106,3.376,213.305
158.575,8.354,2.798,15.141,3.827,601.874
155.346,6.622,2.751,10.614,3.372,237.592
154.222,10.761,2.795,16.384,3.169,267.173
152.369,8.268,2.821,19.337,3.253,1037.182
159.702,7.851,2.823,14.752,3.271,333.517
159.101,6.633,2.792,16.046,3.004,166.347
157.139,7.528,2.79,22.236,2.966,306.927
153.588,11.554,2.798,18.276,3.326,352.322
149.819,7.809,2.814,16.716,3.245,3144.513
157.424,10.815,2.759,17.659,3.451,677.951
165.485,9.369,2.766,24.307,3.151,189.606
156.747,8.591,2.825,22.113,3.366,757.702
151.598,6.673,2.774,13.713,3.443,8343.532
152.847,5.172,2.82,18.318,3.57,949.753
153.608,5.181,2.821,10.068,3.489,823.563
149.586,4.229,2.778,12.459,3.656,2373.845
154.868,4.025,2.815,23.598,3.393,871.507
158.142,4.889,2.817,24.171,3.209,665.581
166.904,8.811,2.764,8.896,3.349,74.009
148.143,6.879,2.824,13.314,3.515,1564.603
152.188,9.625,2.804,24.093,3.077,224.16
158.346,7.698,2.747,20.768,3.296,184.627
160.04,10.819,2.777,18.569,3.106,207.299
159.396,6.013,2.826,18.825,3.236,422.82
158.26,8.436,2.802,11.485,3.248,44.539
167.637,8.52,2.786,15.693,2.95,1465.947
154.6,9.19,2.803,13.239,3.848,670.631
159.921,9.044,2.824,21.947,3.199,562.655
150.779,5.781,2.826,24.625,3.408,1208.288
159.99,5.845,2.743,17.38,3.371,303.715
150.28,5.547,2.771,13.663,3.46,8808.551
152.905,4.62,2.797,22.487,3.004,248.501
160.3,11.784,2.783,15.955,3.348,107.57
149.659,8.376,2.826,16.897,3.222,1487.607
155.682,10.493,2.795,22.029,2.993,639.821
152.263,7.151,2.829,24.195,3.45,1682.514
159.377,6.184,2.744,13.777,3.205,306.114
155.3,2.996,2.782,19.535,3.704,1525.447
151.209,5.103,2.82,11.12,3.654,1646.413
150.987,9.0,2.823,14.093,3.643,1944.408
160.333,8.393,2.831,16.17,3.417,180.74
150.815,3.512,2.786,16.729,3.504,6181.452
163.77,4.303,2.788,12.958,3.872,350.591
154.536,10.26,2.818,18.247,3.132,212.251
151.687,3.563,2.804,12.124,3.693,2306.607
144.712,4.014,2.805,15.716,3.396,5876.952
158.987,8.721,2.738,15.24,3.293,742.329
163.382,10.309,2.8,15.595,3.013,123.688
160.493,9.05,2.754,18.758,2.988,377.511
164.87,10.498,2.755,24.935,3.119,341.761
153.046,4.492,2.803,19.805,3.689,6240.741
158.911,4.415,2.805,8.979,3.537,7936.156
148.734,4.592,2.826,21.588,3.367,2503.805
159.529,5.918,2.832,12.378,3.659,878.906
154.555,6.676,2.836,12.628,3.602,599.252
154.138,4.109,2.76,18.118,3.488,7381.369
156.239,4.984,2.817,21.286,3.443,8395.059
159.256,6.527,2.74,12.894,3.12,262.752
165.872,6.14,2.739,9.901,3.188,299.007
157.1,12.403,2.802,21.294,3.607,131.742
156.799,3.374,2.824,11.611,3.568,1493.053
158.281,5.18,2.825,18.513,3.771,1871.581
154.753,12.851,2.786,21.809,3.097,671.158
165.081,6.37,2.812,19.872,3.966,320.831
162.201,11.827,2.788,22.257,3.842,221.972
161.958,12.92,2.774,20.279,3.201,157.572
162.763,8.914,2.741,16.21,3.396,58.564
175.262,11.05,2.776,19.92,3.032,93.107
170.505,10.112,2.75,20.583,3.225,63.328
149.929,1.793,2.8,14.731,3.635,2569.289
154.882,2.731,2.813,19.382,3.115,2751.635
154.443,5.386,2.815,17.705,3.201,13869.883
145.112,3.872,2.819,17.718,3.123,4070.243
146.748,2.893,2.815,21.335,3.502,5411.517
156.632,3.485,2.808,13.457,3.868,2695.581
156.012,5.882,2.84,14.619,3.695,303.73
156.593,4.681,2.841,22.425,3.572,542.588
157.637,4.139,2.835,12.919,3.234,2405.764
145.009,4.532,2.813,16.64,3.232,14325.577
160.431,13.223,2.815,20.499,3.195,353.964
155.087,2.178,2.78,20.558,2.912,1015.74
150.495,3.37,2.819,19.216,3.742,4682.348
153.707,1.589,2.819,6.902,3.45,1633.968
159.397,13.615,2.756,13.673,3.478,242.236
164.6,7.524,2.729,13.398,3.094,1397.877
154.233,1.918,2.804,13.901,3.277,8980.58
151.303,2.627,2.758,18.909,3.477,11003.139
155.119,4.05,2.802,13.37,3.972,5050.525
171.992,12.939,2.801,17.173,3.144,61.516
156.92,1.073,2.748,13.338,3.443,1219.521
152.779,1.896,2.787,12.62,3.618,12771.221
156.972,3.249,2.803,12.436,3.872,8588.084
154.735,2.687,2.835,15.245,3.282,3355.481
154.319,7.791,2.855,20.021,3.528,675.574
165.797,11.538,2.737,15.245,3.296,64.432
152.694,2.775,2.826,11.448,3.845,2232.659
154.907,3.931,2.85,22.423,3.385,1285.303
149.112,3.898,2.823,14.951,3.925,4727.365
153.049,1.762,2.801,12.339,3.563,18265.928
157.494,11.226,2.85,24.509,3.502,438.508
165.065,14.819,2.76,15.35,3.393,128.878
157.273,1.46,2.753,15.2,3.368,12093.217
169.232,12.915,2.741,10.098,3.442,63.637
164.755,9.978,2.717,13.499,3.214,197.02
174.255,9.072,2.724,13.543,2.992,190.564
149.206,7.623,2.861,21.906,3.462,2403.3
153.552,2.226,2.779,18.641,3.759,31915.371
165.479,9.927,2.733,12.828,2.858,83.493
156.415,0.889,2.772,10.41,3.412,28153.674
143.945,3.926,2.838,11.226,3.492,23665.092
155.109,2.154,2.72,20.805,3.16,1247.756
143.679,6.354,2.84,22.512,3.483,43862.086
170.998,16.629,2.79,20.087,3.348,123.971
157.67,11.293,2.862,19.934,3.647,154.51
156.464,1.206,2.789,14.901,3.919,29329.16
165.873,14.332,2.728,11.447,3.257,70.561
153.299,8.394,2.707,15.222,2.838,748.345
157.872,8.346,2.71,12.154,2.83,81.883
168.717,12.831,2.721,9.564,2.876,75.522
188.159,14.897,2.735,10.176,2.982,94.072
163.915,16.388,2.73,15.217,3.129,58.602
162.672,12.756,2.706,11.968,2.919,34.668
169.901,13.073,2.709,21.755,2.747,52.481
166.241,15.232,2.697,22.365,2.998,75.733
164.491,12.62,2.681,11.467,2.883,36.529
168.145,12.601,2.674,9.535,2.835,31.61
204.837,15.419,2.674,16.585,3.078,92.515
154.127,3.16,2.93,22.365,3.927,13178.031
164.533,9.287,2.809,54.475,3.4,329.56
158.999,10.728,2.82,57.692,3.474,285.989
166.476,9.52,2.824,58.733,3.514,242.709
167.238,8.83,2.79,48.812,3.498,274.052
160.894,8.783,2.801,57.238,3.197,552.578
176.854,11.833,2.797,56.039,3.278,247.106
161.146,10.144,2.778,63.78,3.311,427.966
163.863,10.265,2.814,56.529,3.67,284.987
165.377,9.311,2.792,43.702,3.506,419.941
163.035,10.491,2.816,66.756,3.573,260.064
166.102,10.401,2.791,52.894,3.138,183.197
160.993,11.307,2.803,63.159,3.612,219.83
163.582,7.401,2.778,56.505,3.484,311.932
154.44,11.154,2.788,55.596,3.59,595.079
158.237,11.149,2.829,54.869,3.359,809.872
159.058,7.999,2.816,46.116,3.364,683.339
157.52,8.437,2.832,48.051,3.515,536.606
150.271,9.467,2.835,54.23,3.224,598.432
161.752,12.183,2.836,51.107,3.509,332.898
163.928,9.763,2.813,59.157,3.012,270.292
160.782,7.962,2.826,41.82,3.394,277.203
153.4,8.191,2.768,55.32,3.286,499.542
166.244,7.81,2.783,52.114,3.432,124.604
172.098,12.377,2.813,69.089,3.263,283.824
162.919,9.664,2.793,53.443,3.763,233.114
165.903,7.655,2.767,49.085,3.465,263.582
161.67,11.247,2.816,45.931,3.067,267.042
159.916,8.633,2.848,52.137,3.247,545.082
171.575,10.521,2.802,70.201,3.636,197.144
170.676,8.4,2.826,61.406,3.623,136.421
165.91,7.991,2.795,37.578,3.32,280.061
168.373,13.095,2.832,54.018,3.572,343.391
159.398,9.625,2.797,39.722,3.614,194.812
165.66,10.455,2.766,69.721,3.446,213.141
158.958,6.567,2.8,41.51,3.38,366.475
168.669,8.923,2.83,70.926,3.134,265.322
162.105,9.036,2.795,47.807,3.791,281.753
169.954,12.431,2.797,64.476,3.634,687.884
159.115,10.017,2.824,35.402,3.382,224.819
160.185,6.614,2.795,41.113,3.347,479.921
165.497,9.767,2.859,52.388,3.217,465.091
172.312,11.635,2.791,71.546,3.463,134.043
166.226,9.123,2.853,60.331,3.109,347.584
164.712,10.156,2.797,64.78,3.815,235.436
171.166,13.49,2.813,62.284,3.609,190.975
162.978,8.303,2.801,73.444,3.151,630.328
164.173,12.258,2.814,70.768,3.107,223.462
170.101,11.084,2.803,63.836,3.819,220.804
158.526,9.526,2.832,74.674,3.562,198.829
156.922,7.384,2.773,40.864,3.318,545.996
158.467,7.337,2.783,64.654,3.473,1101.449
170.882,9.699,2.809,36.623,3.09,212.162
166.104,9.268,2.768,40.81,3.561,703.923
165.344,8.082,2.836,70.875,3.344,119.322
167.64,11.463,2.837,68.647,3.365,101.568
161.44,12.093,2.846,68.692,3.585,234.862
165.065,8.93,2.767,42.04,3.668,209.846
164.387,10.777,2.744,48.498,3.264,339.234
158.329,14.248,2.783,64.548,3.356,530.574
165.547,12.218,2.788,49.645,3.774,159.408
163.964,12.438,2.838,60.166,3.128,119.129
170.289,13.642,2.798,59.357,3.714,183.016
154.256,9.793,2.805,40.692,3.459,1462.64
169.146,9.708,2.858,49.362,3.292,108.533
160.959,8.534,2.783,47.674,3.862,330.323
179.577,7.318,2.806,73.968,3.679,312.97
163.388,12.727,2.834,51.376,3.046,144.566
169.129,13.559,2.81,62.797,3.028,180.153
168.075,9.021,2.816,54.584,3.505,50.159
161.886,10.061,2.797,34.738,3.716,201.618
162.154,6.528,2.783,63.999,3.555,1162.429
165.305,7.776,2.827,36.331,3.334,111.061
171.653,10.651,2.825,78.186,3.561,137.744
154.017,7.403,2.799,34.323,3.448,789.011
154.865,9.092,2.818,32.177,3.634,508.91
156.795,12.641,2.803,34.555,3.139,445.895
170.887,9.896,2.809,77.172,3.764,218.465
165.37,12.03,2.842,47.177,3.796,206.201
165.164,14.273,2.788,67.635,3.517,137.599
160.985,12.104,2.773,37.495,3.695,357.459
162.362,12.312,2.754,48.794,3.07,207.916
160.224,7.164,2.781,44.425,3.819,481.656
165.767,11.956,2.829,81.222,3.269,226.596
156.494,9.383,2.813,28.003,3.236,223.142
178.49,9.149,2.781,80.965,3.56,189.313
153.567,5.649,2.787,48.741,3.719,637.335
156.748,5.64,2.844,55.04,3.665,592.398
153.794,12.319,2.814,60.409,3.529,2082.36
177.882,12.808,2.786,73.227,3.734,210.359
155.91,8.424,2.777,31.453,3.378,132.606
152.72,7.867,2.798,44.845,3.923,291.857
154.996,7.392,2.813,38.109,3.752,788.435
163.658,10.347,2.864,48.742,2.967,306.626
156.224,9.011,2.757,33.125,3.383,172.203
160.485,7.449,2.782,31.232,3.269,142.603
156.246,5.725,2.817,58.473,3.381,1780.327
158.966,6.183,2.776,41.686,3.631,934.362
156.594,7.399,2.779,32.557,3.537,817.505
154.53,5.779,2.794,31.618,3.391,363.134
159.111,7.02,2.757,42.979,3.282,1163.542
160.152,10.097,2.806,40.722,3.882,976.757
165.374,12.559,2.763,35.921,3.357,113.466
152.294,9.464,2.852,40.127,3.444,1495.668
155.814,7.863,2.799,43.042,3.918,733.211
167.586,7.893,2.811,26.984,3.443,816.144
167.076,11.95,2.798,62.93,3.966,140.132
168.384,13.784,2.836,74.432,3.102,617.283
174.753,8.778,2.809,79.217,3.232,67.744
169.877,15.547,2.786,71.306,3.538,339.237
151.27,9.569,2.824,25.733,3.587,501.072
156.126,7.724,2.835,29.577,3.339,118.431
176.203,11.02,2.848,76.664,3.402,77.532
154.661,7.348,2.794,28.208,3.671,467.647
157.638,7.137,2.787,38.863,3.902,486.56
154.484,6.051,2.769,30.682,3.385,321.752
156.692,9.27,2.803,30.084,3.552,71.428
162.232,8.308,2.771,31.097,3.758,199.191
165.484,12.806,2.829,75.417,3.817,148.627
166.476,14.779,2.812,67.888,3.619,81.147
172.596,8.224,2.824,89.675,3.437,373.852
172.786,11.77,2.805,85.826,3.588,124.099
172.594,14.656,2.795,73.619,2.977,302.974
167.246,12.957,2.812,82.647,3.654,126.698
157.1,12.046,2.75,42.266,2.91,254.034
158.795,12.398,2.777,25.789,3.564,193.001
164.689,6.753,2.79,25.403,3.132,386.037
158.054,7.494,2.801,34.227,3.937,420.723
157.811,15.434,2.769,53.853,3.562,92.201
153.425,9.736,2.843,40.257,3.935,826.386
169.499,5.773,2.813,28.013,3.63,586.461
173.698,13.642,2.858,43.395,3.062,111.893
160.435,8.163,2.818,26.254,3.774,646.037
155.789,7.966,2.843,25.622,3.114,217.461
177.011,13.622,2.817,84.867,3.38,114.541
155.895,7.62,2.77,37.317,2.943,1245.095
163.93,14.504,2.835,63.791,3.913,159.183
154.404,6.472,2.811,28.789,3.734,837.656
149.855,8.599,2.842,29.963,3.4,1746.392
154.01,6.884,2.795,28.319,3.773,805.148
163.697,7.072,2.807,31.727,3.955,259.882
156.705,7.756,2.785,30.246,3.761,1353.034
153.229,7.598,2.798,25.243,3.822,463.538
178.037,10.956,2.786,86.188,3.727,98.366
149.911,6.336,2.868,32.33,3.512,628.2
179.923,14.725,2.795,80.546,3.634,110.004
177.847,17.217,2.814,64.11,3.522,128.503
151.681,4.663,2.82,25.829,3.298,490.638
176.122,14.097,2.847,78.547,3.092,103.189
173.696,15.337,2.802,32.382,3.088,117.282
171.11,6.135,2.842,55.982,2.754,1082.346
169.924,11.009,2.83,89.095,3.63,78.792
152.98,5.007,2.806,28.554,3.624,1135.475
188.078,11.466,2.743,42.344,3.169,47.686
153.853,6.378,2.872,31.262,3.109,185.435
160.106,9.257,2.873,29.636,2.936,372.813
157.634,2.899,2.788,63.786,3.014,1119.078
161.646,5.884,2.808,28.536,3.871,957.527
150.909,6.556,2.783,28.381,2.87,847.084
167.101,12.83,2.891,59.001,2.89,178.632
172.64,11.624,2.74,28.603,3.209,72.115
164.82,11.776,2.833,91.241,3.087,82.326
165.099,9.347,2.857,25.204,2.892,139.412
148.14,11.073,2.792,27.025,3.678,38.675
167.48,4.348,2.836,25.9,3.245,1155.916
178.451,13.078,2.818,89.254,3.919,204.85
184.863,13.058,2.757,86.244,3.459,60.433
180.883,14.054,2.746,78.167,2.941,102.482
152.558,6.934,2.826,49.011,2.771,3326.246
162.996,12.942,2.776,25.976,3.757,2308.513
149.483,5.441,2.831,27.476,2.766,510.038
193.376,16.526,2.75,76.326,3.382,108.147
167.587,10.703,2.778,55.193,3.812,7479.283
168.695,17.039,2.782,82.912,3.362,71.492
174.317,11.729,2.801,104.315,3.351,140.042
156.737,4.814,2.777,30.322,3.612,3607.99
155.352,3.094,2.852,31.867,3.373,2147.351
194.086,17.233,2.777,86.156,3.42,123.654
151.45,4.3,2.803,38.978,3.577,6191.734
153.408,4.398,2.854,26.93,3.528,2912.859
182.682,14.851,2.782,101.12,3.497,131.015
158.272,3.481,2.797,35.826,3.39,6236.984
160.006,6.152,2.833,26.611,3.881,4273.292
151.077,5.566,2.847,26.19,2.584,764.237
179.234,11.8,2.719,88.242,2.892,64.368
162.871,19.906,2.771,67.302,3.449,48.341
180.691,17.96,2.794,92.703,3.522,61.879
182.103,13.513,2.769,107.034,3.697,87.21
156.633,7.795,2.659,41.795,2.949,321.213
197.873,11.345,2.812,114.741,3.029,211.312
173.66,11.297,2.866,116.603,3.348,183.938
181.028,17.505,2.809,107.208,3.178,85.227
172.976,5.054,2.747,116.274,3.173,286.765
184.663,19.578,2.77,95.841,2.909,83.483
190.313,19.184,2.756,106.943,3.222,165.916
196.268,18.195,2.804,105.46,3.179,25.943
198.302,15.513,2.753,123.333,3.317,140.285
159.175,0.418,2.796,26.01,3.768,21364.186
151.894,2.979,2.882,27.326,3.624,40488.219
181.798,12.929,2.813,142.177,2.831,94.464
183.573,14.342,2.738,152.804,3.416,51.331
168.036,3.294,2.914,23.119,4.604,2653.111
173.861,4.52,2.943,32.867,4.601,9237.06
156.382,3.048,2.937,27.741,4.538,12800.249
157.323,2.936,2.938,28.1,4.525,17527.742
170.698,2.581,2.917,30.255,4.424,14747.807
169.287,1.911,2.921,22.427,4.541,25591.695
171.277,2.293,2.945,21.132,4.443,2134.881
156.888,3.181,2.936,15.18,4.779,14149.129
168.564,1.68,2.923,19.507,4.595,30130.4
165.1,2.236,2.943,13.55,4.86,2848.479
158.579,2.524,2.939,29.098,4.467,32814.324
155.451,3.141,2.92,15.672,4.745,14128.903
169.758,4.342,2.912,35.918,4.248,3338.063
164.829,4.175,2.905,31.814,4.254,3381.309
164.695,1.977,2.944,13.236,4.86,3189.806
157.734,3.191,2.95,16.088,4.798,14160.452
158.226,2.127,2.905,29.341,4.467,16917.195
173.969,3.688,2.941,28.443,4.35,689.792
158.274,2.267,2.939,29.763,4.407,36305.172
161.471,3.352,2.913,28.141,4.202,4683.826
164.366,1.591,2.942,12.319,4.901,3784.907
166.828,1.404,2.926,14.396,4.723,38778.383
152.245,3.181,2.928,17.917,4.474,14087.363
162.049,1.996,2.906,26.369,4.311,12234.728
155.816,3.067,2.917,15.725,4.357,14230.26
166.498,1.754,2.918,13.067,4.791,37848.547
161.51,1.583,2.917,22.555,4.327,21879.494
166.552,1.965,2.913,12.974,4.808,36417.672
171.167,2.247,2.912,25.57,4.277,16953.016
167.522,1.458,2.953,14.263,4.41,8984.208
161.139,1.458,2.922,20.898,4.337,26855.936
155.136,2.011,2.932,15.739,4.733,33278.742
162.193,1.481,2.948,25.024,4.262,3666.943
170.159,3.331,2.905,44.172,4.314,924.16
162.933,3.246,2.888,39.523,4.375,3378.839
161.235,1.011,2.928,18.475,4.386,27117.486
166.21,3.088,2.912,43.844,4.208,1592.712
159.29,1.146,2.93,23.646,4.284,11324.72
167.675,1.619,2.945,12.982,4.405,27821.93
154.888,2.278,2.898,29.386,4.418,4886.04
158.077,1.651,2.933,19.557,4.331,25001.08
159.592,3.095,2.959,14.221,4.921,14211.906
159.446,3.103,2.956,14.058,4.95,14210.307
162.551,4.136,2.942,30.232,4.154,29190.061
151.092,3.35,2.926,43.689,4.345,4019.316
166.552,2.53,2.899,12.974,4.823,36415.449
154.561,3.162,2.95,15.602,4.346,14200.807
160.218,2.367,2.953,16.679,4.279,14730.049
157.788,3.228,2.883,32.908,4.477,7161.24
159.266,1.464,2.931,17.4,4.357,39684.906
159.319,1.133,2.931,22.868,4.245,13133.666
163.743,2.649,2.923,10.904,4.261,35775.449
158.426,3.112,2.967,17.661,4.898,14168.622
156.802,1.739,2.905,18.083,4.648,51726.57
159.362,3.141,2.954,13.967,5.027,14206.151
156.754,4.88,2.93,31.392,4.113,1433.32
159.422,1.589,2.898,17.667,4.587,45814.461
160.789,1.594,2.961,14.505,4.856,21143.15
160.377,0.754,2.928,10.283,4.484,41228.16
168.696,2.978,2.889,18.29,4.38,30678.756
164.525,0.846,2.966,19.702,4.522,22054.824
172.459,3.77,2.922,12.364,4.174,21789.027
180.789,7.159,2.927,53.183,4.663,3350.891
162.224,0.89,2.939,9.301,4.44,41748.84
161.111,1.672,2.963,16.104,4.922,17349.17
172.59,2.736,2.918,22.559,5.12,823.845
158.654,2.122,2.958,29.288,4.304,41953.313
163.203,1.821,2.945,8.364,4.335,41466.207
157.658,0.804,2.914,13.353,4.455,37650.422
160.441,1.87,2.927,20.326,5.128,24165.232
161.147,0.743,2.964,19.935,4.441,22143.869
154.625,3.215,2.972,16.691,4.493,14182.693
157.319,0.892,2.908,15.266,4.427,33918.578
170.66,1.588,2.977,20.899,4.759,2465.389
174.451,6.152,2.914,14.44,4.975,314.631
162.767,1.408,2.948,8.683,4.358,41704.578
162.428,0.645,2.918,17.114,4.248,27153.402
161.544,0.767,2.954,15.833,4.305,20409.064
171.165,4.34,2.896,15.346,5.124,5531.122
162.07,2.898,2.885,12.057,4.493,38658.957
174.815,7.957,2.935,41.666,4.244,632.662
170.519,1.475,2.979,19.504,4.546,3249.991
162.152,0.614,2.966,20.842,4.344,10284.584
162.759,0.974,2.97,15.059,4.416,11161.848
164.529,2.136,2.894,28.736,5.136,3748.681
155.487,3.216,2.979,16.743,4.644,14187.989
162.167,0.581,2.966,18.364,4.387,16780.635
165.189,1.355,2.977,22.246,4.907,5210.939
174.813,6.396,2.896,15.362,5.006,947.216
162.201,0.57,2.968,20.412,4.362,11790.98
156.649,1.667,2.942,30.815,4.197,41562.313
168.742,1.208,2.98,17.331,4.594,4022.732
158.981,3.071,2.97,17.599,5.03,14184.101
163.619,1.202,2.976,25.249,4.345,9211.646
166.101,1.241,2.98,21.384,4.843,3725.095
150.785,2.65,2.903,23.389,4.387,43221.016
175.329,6.57,2.91,14.583,4.954,242.809
162.857,0.92,2.969,14.744,4.341,14026.762
159.459,2.275,2.951,19.662,4.128,31553.576
169.195,0.064,2.953,8.683,4.767,41596.926
162.183,-0.086,2.959,16.362,4.753,58856.625
170.324,-1.954,2.913,28.854,4.47,9558.78
168.858,1.402,2.975,16.608,4.998,5010.118
162.787,2.0,2.9,27.941,5.236,4593.934
165.578,1.873,2.91,16.044,5.202,23118.1
164.51,0.921,2.881,15.966,4.741,35246.152
167.896,1.351,2.973,15.019,5.025,6668.589
162.52,1.077,2.933,16.359,5.165,36267.363
162.905,1.029,2.973,8.432,4.488,26506.281
160.542,0.93,2.959,16.207,5.033,41251.383
159.953,0.982,2.966,16.122,4.957,41651.332
147.541,2.986,2.927,14.983,4.228,13865.85
163.232,1.538,2.869,25.336,4.609,22017.813
160.624,0.253,2.955,14.722,5.048,20902.723
176.365,7.202,2.901,15.094,4.931,229.47
160.29,1.15,2.944,14.664,4.091,19380.242
157.179,1.608,2.937,15.062,5.155,38837.742
157.904,1.391,2.979,15.704,4.633,40731.605
168.41,6.184,2.861,28.269,4.681,1229.695
163.184,1.407,2.976,11.576,4.298,16208.421
166.412,1.954,2.877,9.064,4.77,41715.867
169.212,3.307,2.864,30.221,4.84,972.547
161.322,3.161,2.988,16.402,4.958,14213.707
162.392,0.078,2.956,7.021,4.934,41251.641
163.321,1.53,2.977,13.615,4.23,12029.723
160.624,0.5,2.97,8.483,4.454,38745.93
175.155,-0.383,2.906,52.046,4.345,1483.077
163.534,0.488,2.969,12.249,4.261,27258.447
160.912,3.145,2.99,16.981,5.0,14217.461
163.389,0.427,2.983,13.123,4.857,16440.414
169.526,0.805,2.908,6.044,5.104,41850.441
155.427,1.648,2.951,30.1,4.055,41510.281
161.864,0.019,2.961,13.422,5.093,25400.883
160.994,9.654,2.895,20.916,4.466,126.248
168.855,-2.522,2.908,18.665,4.549,31373.408
148.702,2.984,2.947,14.872,4.094,15796.721
163.644,-0.216,2.947,6.54,5.095,41549.016
146.441,3.131,2.892,14.006,4.269,14027.657
180.137,2.772,2.867,43.446,4.723,2075.599
163.577,0.276,2.985,12.609,4.895,20140.936
160.072,0.67,2.974,9.134,4.246,36683.102
146.232,3.101,2.884,14.024,4.331,14029.267
179.193,2.605,2.863,43.526,4.769,2468.879
169.054,-2.685,2.901,15.298,4.593,41733.582
165.43,-0.581,2.976,6.274,4.846,41672.953
163.806,-0.001,2.983,11.155,4.958,29234.373
150.859,2.813,2.965,15.202,4.058,22406.637
164.095,-0.505,2.947,6.468,5.167,41611.012
164.055,-0.494,2.952,6.546,5.161,41589.094
161.531,3.421,2.849,43.137,4.846,2404.262
171.344,2.358,2.851,43.797,4.845,3263.344
169.021,-2.641,2.89,14.15,4.607,42224.465
159.55,0.214,2.971,9.983,4.113,41339.938
169.041,-3.562,2.897,24.657,4.486,38933.586
158.482,11.707,2.902,37.849,4.364,128.27
168.546,-2.407,2.88,15.963,4.487,42034.449
151.956,11.041,2.9,15.312,4.24,366.966
172.15,-3.446,2.893,46.128,4.44,20633.84
166.74,-0.813,2.978,6.419,5.092,41733.535
167.91,1.765,2.861,8.501,5.109,39694.82
140.208,10.031,2.904,22.419,4.414,560.066
159.396,-0.109,2.973,8.878,4.006,40954.531
172.189,-3.464,2.889,13.451,4.358,42173.914
172.631,-3.13,2.885,11.709,4.307,42272.547
167.179,-0.84,2.984,6.714,5.205,41695.055
167.21,-0.837,2.985,6.763,5.236,41686.637
166.701,-0.759,2.985,7.193,5.278,41227.973
166.694,2.936,2.835,15.197,5.037,31845.695
175.798,13.925,2.918,46.513,4.469,60.982
147.8,12.689,2.886,49.152,5.01,262.839
177.689,-3.213,2.887,75.834,4.353,3979.884
186.465,8.475,2.858,68.163,4.788,208.882
172.096,13.1,2.955,61.535,5.068,32.172
158.16,10.021,2.9,53.756,5.578,47.581
163.249,13.161,2.858,53.285,5.116,122.355
165.396,14.142,2.867,56.379,5.052,126.913
173.193,10.749,2.907,98.012,4.878,26.325
175.328,14.736,2.987,56.868,5.181,33.98
169.725,16.327,2.887,78.287,4.365,78.264
176.926,15.18,2.987,58.069,5.19,31.908
186.231,16.629,2.931,70.14,4.289,25.993
178.268,11.433,2.91,123.574,4.809,29.364
187.019,12.666,2.959,98.784,4.855,3.862
157.006,20.051,2.881,17.542,4.957,16.221
165.876,22.678,2.931,36.024,4.253,258.125
156.71,20.341,2.874,18.25,5.063,13.4
182.789,21.383,2.915,70.932,4.342,86.378
161.458,14.427,2.993,89.249,5.712,18.711
173.258,19.206,2.911,110.2,4.437,31.54
155.909,20.863,2.856,20.426,5.18,10.599
178.262,19.535,2.905,114.539,4.739,68.795
155.669,21.17,2.847,23.034,5.134,10.645
186.303,22.073,2.872,96.721,4.887,44.376
191.588,20.411,2.917,133.457,5.6,74.933
178.861,27.804,2.936,119.432,4.439,19.188
198.76,23.599,2.869,142.899,4.722,6.822
192.428,35.556,2.947,89.236,4.803,41.384
186.266,38.275,2.914,143.257,4.262,10.263
161.223,14.384,3.288,50.146,6.395,71.006
229.882,38.911,2.913,206.913,5.31,19.084
185.308,16.021,2.543,87.638,2.942,145.113
184.059,15.116,2.564,82.396,3.359,173.168
183.073,11.794,2.532,80.906,3.04,76.107
179.56,23.998,2.557,88.149,3.203,129.528
185.12,16.081,2.544,112.386,3.29,484.777
182.11,11.349,2.589,79.931,3.127,79.781
182.954,17.933,2.567,95.292,2.691,184.027
187.116,15.813,2.561,109.498,3.488,302.758
187.116,15.813,2.561,109.498,3.488,302.758
185.041,17.376,2.567,96.338,2.688,160.125
174.266,14.556,2.565,111.876,3.281,168.174
176.979,14.328,2.562,103.13,3.366,743.833
183.544,9.043,2.556,66.782,3.077,60.864
177.58,18.031,2.511,88.132,3.296,173.296
172.088,18.677,2.562,84.62,3.082,128.413
189.016,18.143,2.584,111.982,3.149,65.369
187.812,15.98,2.577,96.15,2.687,127.382
175.289,16.998,2.567,104.29,2.816,44.035
174.598,10.43,2.594,89.309,3.239,111.51
173.315,16.89,2.584,79.228,3.304,218.119
191.551,16.657,2.57,87.476,3.528,198.153
191.551,16.657,2.57,87.476,3.528,198.153
183.044,18.013,2.569,70.045,3.338,1256.413
187.237,15.467,2.591,93.947,2.691,118.53
187.329,14.164,2.6,91.014,2.723,139.508
175.572,21.465,2.502,92.821,3.157,110.541
176.444,8.458,2.546,106.607,2.641,85.281
181.127,7.333,2.602,112.466,3.161,521.978
192.384,10.335,2.562,118.059,2.95,43.852
172.777,21.684,2.594,79.662,3.212,135.832
180.447,12.052,2.529,69.244,2.682,530.676
190.332,18.696,2.522,117.002,2.801,80.204
175.958,16.309,2.566,124.764,2.715,298.577
174.007,18.85,2.59,86.334,2.707,302.246
185.247,11.946,2.622,82.305,3.058,141.766
191.806,13.96,2.598,110.221,2.824,253.786
182.011,7.399,2.604,122.427,3.102,403.787
170.512,18.091,2.567,107.344,2.86,39.001
180.995,7.399,2.605,122.362,3.087,395.834
184.287,17.4,2.619,70.418,3.018,130.767
193.096,13.779,2.595,116.786,2.937,83.149
195.075,11.513,2.596,105.917,3.012,168.372
192.746,25.248,2.516,94.602,3.241,432.86
177.697,7.399,2.607,118.396,3.062,409.595
188.358,14.78,2.618,118.04,3.118,185.617
189.775,11.332,2.616,74.218,3.184,141.397
189.588,13.069,2.601,77.047,3.602,144.484
192.214,26.955,2.512,99.147,3.224,230.854
175.94,7.241,2.608,114.727,3.05,426.444
189.888,19.009,2.495,116.05,3.124,61.35
180.174,18.209,2.476,90.958,3.278,156.865
193.626,16.407,2.533,94.523,2.523,118.143
173.189,6.899,2.605,89.633,3.236,843.515
178.638,24.306,2.593,111.199,3.696,342.376
171.595,24.422,2.584,76.282,3.408,38.283
168.184,18.622,2.576,107.88,2.875,41.083
182.801,16.715,2.528,88.212,2.354,88.767
171.648,8.228,2.592,91.191,2.681,79.541
189.253,16.764,2.628,77.156,3.197,90.085
197.3,21.081,2.592,96.823,2.953,382.277
199.151,12.485,2.537,72.266,3.317,204.751
179.69,8.939,2.634,76.244,3.182,115.345
171.095,16.289,2.616,74.106,3.305,244.593
176.741,16.015,2.542,83.439,2.318,94.182
188.778,16.201,2.63,119.909,3.171,164.061
171.597,6.758,2.612,105.029,3.019,465.021
188.261,9.781,2.618,92.61,3.667,109.83
165.976,17.705,2.591,102.743,2.888,94.948
196.918,23.64,2.598,87.632,3.005,483.303
184.251,17.244,2.596,137.654,3.63,47.328
195.311,21.436,2.612,96.376,2.811,81.336
181.687,13.066,2.638,66.228,3.227,240.321
180.006,19.806,2.643,106.225,3.022,97.188
194.503,26.479,2.56,123.833,3.573,80.162
184.11,11.658,2.496,131.878,2.647,89.463
189.438,13.316,2.639,111.358,3.075,94.676
189.705,8.762,2.638,96.483,3.219,84.818
193.915,27.156,2.566,122.628,3.606,81.295
193.012,9.817,2.624,73.589,3.086,529.118
189.378,10.699,2.642,86.289,3.236,91.999
181.449,30.428,2.63,93.276,3.151,317.66
169.548,6.675,2.607,80.669,3.261,985.254
191.17,10.691,2.637,92.628,3.455,130.802
182.192,16.15,2.644,67.429,3.314,136.272
185.732,8.802,2.618,68.348,3.523,1403.372
195.452,12.11,2.622,77.347,3.153,652.443
196.089,16.888,2.621,68.63,3.132,93.961
189.178,10.971,2.636,72.11,3.134,721.757
181.542,23.602,2.485,68.648,3.689,121.819
190.595,22.34,2.642,103.415,3.031,221.611
163.88,11.527,2.604,86.191,3.056,283.19
198.206,25.538,2.546,126.115,3.525,75.347
198.476,7.901,2.618,89.451,3.307,124.267
168.579,5.647,2.62,99.199,2.997,482.767
197.184,13.638,2.623,66.354,3.105,164.246
198.591,20.992,2.613,86.887,2.774,108.059
173.244,8.621,2.643,77.575,3.235,119.988
186.978,13.567,2.485,136.96,2.667,87.988
197.733,11.383,2.629,83.609,2.998,308.574
190.735,13.598,2.651,83.05,3.379,125.402
186.82,7.198,2.533,151.917,2.577,89.625
181.215,25.482,2.559,165.282,3.11,97.164
191.741,9.803,2.619,67.731,3.599,1212.446
178.675,11.256,2.655,68.506,3.191,171.644
192.496,13.939,2.482,91.714,3.782,506.685
167.432,5.155,2.623,97.183,2.992,501.427
179.617,6.9,2.47,66.873,2.665,56.54
164.056,24.473,2.593,75.818,3.431,39.599
169.903,14.766,2.649,92.494,3.376,142.074
197.227,19.208,2.639,86.563,3.36,65.027
191.907,34.441,2.627,98.549,3.017,213.057
178.045,11.652,2.663,82.331,3.09,63.109
191.179,28.028,2.479,106.936,2.604,86.158
177.939,7.838,2.501,95.575,4.096,101.437
164.513,18.504,2.624,102.598,2.894,61.457
172.651,7.258,2.529,85.146,4.125,120.607
179.317,5.66,2.654,78.941,3.308,985.812
196.928,19.025,2.643,77.778,3.393,70.602
194.173,34.676,2.628,96.732,2.985,188.778
177.565,4.926,2.652,72.845,3.29,1092.208
197.62,9.507,2.646,108.773,3.221,70.44
198.551,29.885,2.581,120.429,3.741,79.105
188.1,27.415,2.533,169.787,3.033,78.384
197.916,5.888,2.637,73.503,3.509,174.888
191.943,19.088,2.659,70.464,3.138,27.768
170.725,17.454,2.459,104.981,2.598,68.626
174.529,1.651,2.653,79.538,3.178,820.228
164.377,17.003,2.645,98.453,3.029,129.57
164.724,4.134,2.631,92.153,2.984,567.189
174.571,3.104,2.65,69.344,3.251,1043.246
176.053,1.928,2.655,81.807,3.136,1180.081
166.01,12.513,2.602,70.086,3.936,326.146
173.786,2.423,2.65,70.084,3.232,978.368
168.296,8.702,2.654,71.989,3.261,124.931
176.177,1.983,2.656,80.325,3.125,1367.573
188.111,17.647,2.453,142.42,2.848,153.647
193.807,14.139,2.515,164.42,2.627,107.833
161.845,24.502,2.612,74.591,3.483,40.743
196.801,32.577,2.635,76.362,2.908,125.286
198.809,18.162,2.656,104.533,3.302,107.531
179.509,17.958,2.427,89.793,3.38,123.553
199.318,16.063,2.656,101.967,3.175,53.179
188.733,9.614,2.468,111.713,4.03,147.239
196.988,35.145,2.631,86.066,2.921,143.278
191.416,10.962,2.466,109.52,3.979,230.851
164.424,12.543,2.517,68.844,3.978,495.064
181.289,31.386,2.45,106.024,2.632,91.597
199.909,13.842,2.657,99.8,3.063,42.331
196.569,15.459,2.669,77.437,3.123,247.836
163.029,3.756,2.635,87.373,2.981,642.588
194.094,8.682,2.515,164.688,2.575,71.48
168.322,19.936,2.649,140.695,3.358,124.319
166.931,20.415,2.664,79.79,3.203,486.038
169.758,4.481,2.659,88.338,3.084,1632.446
161.073,24.371,2.623,74.218,3.506,40.823
172.755,1.726,2.658,70.109,3.118,1521.309
198.696,15.215,2.526,111.287,4.034,6.38
163.342,19.537,2.654,68.785,3.239,172.669
196.076,12.575,2.51,169.124,2.605,88.854
158.334,13.005,2.483,113.215,3.582,97.298
195.839,25.507,2.494,115.497,3.973,7.156
184.37,7.432,2.43,69.098,2.62,42.71
199.47,26.346,2.561,69.194,4.092,12.713
173.741,13.472,2.417,108.203,2.8,185.982
159.424,9.496,2.625,71.836,3.577,1380.082
184.787,18.534,2.407,93.938,3.311,93.054
191.968,24.059,2.431,74.948,3.729,79.839
187.641,12.411,2.406,83.546,3.05,65.515
158.377,9.821,2.649,68.717,3.118,303.517
158.904,2.929,2.644,73.95,2.979,908.752
173.836,12.055,2.404,74.34,2.784,82.569
156.649,12.738,2.45,110.859,3.566,112.819
157.759,2.585,2.652,65.931,2.994,1158.031
189.559,17.91,2.384,97.239,3.217,113.629
188.555,26.425,2.391,109.438,3.3,77.825
172.854,17.021,2.401,105.835,2.482,62.975
165.553,32.725,2.417,89.415,2.698,86.866
191.46,21.288,2.383,95.426,3.166,46.544
187.3,23.356,2.381,91.184,3.095,41.737
173.341,10.181,2.386,65.447,3.015,284.093
174.691,16.519,2.388,134.135,3.533,112.677
179.325,54.575,2.489,68.317,3.693,862.631
164.152,13.923,2.395,118.485,3.536,135.677
174.41,13.267,2.374,107.329,2.662,188.169
170.488,28.932,2.383,79.911,2.893,45.37
194.849,1.877,2.384,106.465,3.04,1327.919
161.983,32.564,2.405,83.538,2.738,79.066
192.954,12.666,2.366,86.166,3.069,59.26
190.26,9.122,2.371,71.422,2.661,35.483
194.873,8.85,2.362,65.317,3.612,107.0
190.97,10.084,2.35,71.683,2.702,40.757
195.852,27.701,2.352,115.045,3.36,67.871
182.591,13.542,2.338,66.641,2.897,144.411
194.049,13.228,2.337,104.589,2.805,51.642
195.033,9.118,2.34,68.924,3.448,114.607
187.254,9.879,2.327,72.759,3.073,164.863
176.539,13.091,2.302,106.594,2.436,184.196
177.187,13.375,2.288,107.106,2.381,154.598
177.236,14.844,2.288,107.358,2.306,84.095
199.738,14.323,2.277,127.867,2.712,26.614
